time,temp_raw,hum_raw,temp_cal,hum_cal,temp_delta,hum_delta,temp_delta_pct,hum_delta_pct
2024-05-01 00:00:00,22.2133019558281,62.64077717233708,22.235434975386383,62.64077717233708,0.022133019558282285,0.0,0.09963858413438281,0.0
2024-05-01 00:10:00,21.42945840956605,63.391320491010134,21.44375299366171,63.391320491010134,0.014294584095662088,0.0,0.06670529801761592,0.0
2024-05-01 00:20:00,22.840054243706927,64.63213138674351,22.868454786143996,64.63213138674351,0.02840054243706902,0.0,0.12434533707333101,0.0
2024-05-01 00:30:00,23.13011266325716,62.192439804864904,23.161413789889735,62.192439804864904,0.031301126632573784,0.0,0.1353263042349833,0.0
2024-05-01 00:40:00,21.26250382057645,64.00665217152249,21.275128858782214,64.00665217152249,0.012625038205765549,0.0,0.05937700617153032,0.0
2024-05-01 00:50:00,21.872590791710948,62.41259209045424,21.89131669962806,62.41259209045424,0.01872590791711204,0.0,0.08561357955002108,0.0
2024-05-01 01:00:00,23.02871501096883,62.684705042621964,23.05900216107852,62.684705042621964,0.03028715010968952,0.0,0.1315190625932164,0.0
2024-05-01 01:10:00,22.87203564139137,64.54992851126993,22.900755997805284,64.54992851126993,0.02872035641391335,0.0,0.125569743175541,0.0
2024-05-01 01:20:00,23.234738898734125,58.87146820547069,23.26708628772147,58.87146820547069,0.03234738898734335,0.0,0.13921993756127685,0.0
2024-05-01 01:30:00,22.801226894564223,60.22695886194759,22.829239163509868,60.22695886194759,0.02801226894564479,0.0,0.12285421778037248,0.0
2024-05-01 01:40:00,24.164407225539538,59.813484369555404,24.206051297794936,59.813484369555404,0.0416440722553979,0.0,0.17233641142822648,0.0
2024-05-01 01:50:00,24.24221781967161,58.064235106766134,24.284639997868325,58.064235106766134,0.04242217819671623,0.0,0.17499297511588358,0.0
2024-05-01 02:00:00,23.891235879070447,61.324237064801906,23.93014823786115,61.324237064801906,0.03891235879070365,0.0,0.16287294214357587,0.0
2024-05-01 02:10:00,24.779504217577895,64.12464704745364,24.827299259753673,64.12464704745364,0.047795042175778235,0.0,0.1928813496674956,0.0
2024-05-01 02:20:00,24.46113871705845,61.99676980083993,24.505750104229037,61.99676980083993,0.04461138717058688,0.0,0.18237657570485982,0.0
2024-05-01 02:30:00,23.673707805998916,62.898655218061194,23.710444884058905,62.898655218061194,0.03673707805998916,0.0,0.15518092206358983,0.0
2024-05-01 02:40:00,24.672411803222552,64.61386101070052,24.71913592125478,64.61386101070052,0.04672411803222687,0.0,0.18937799192425958,0.0
2024-05-01 02:50:00,23.879747592199262,65.01900083057266,23.918545068121254,65.01900083057266,0.03879747592199223,0.0,0.16247020941991072,0.0
2024-05-01 03:00:00,25.30002965343792,62.14944688863461,25.353029949972303,62.14944688863461,0.053000296534381874,0.0,0.2094870925464701,0.0
2024-05-01 03:10:00,24.781652152627732,64.91492272235814,24.82946867415401,64.91492272235814,0.04781652152627913,0.0,0.1929513061993685,0.0
2024-05-01 03:20:00,24.815888889835822,62.30801105662377,24.864047778734182,62.30801105662377,0.048158888898360175,0.0,0.19406473454225232,0.0
2024-05-01 03:30:00,24.59441288236558,60.360993561996985,24.640357011189238,60.360993561996985,0.04594412882365617,0.0,0.18680717870113717,0.0
2024-05-01 03:40:00,26.049567541083462,60.75509612795743,26.110063216494297,60.75509612795743,0.06049567541083434,0.0,0.23223293559643554,0.0
2024-05-01 03:50:00,25.20517530595874,58.88705645228837,25.257227059018327,58.88705645228837,0.05205175305958676,0.0,0.2065121643779293,0.0
2024-05-01 04:00:00,25.129787525346263,59.972273668431754,25.181085400599727,59.972273668431754,0.0512978752534643,0.0,0.2041317508225031,0.0
2024-05-01 04:10:00,25.295992969695813,60.92915471439693,25.348952899392774,60.92915471439693,0.05295992969696073,0.0,0.20936094408472464,0.0
2024-05-01 04:20:00,26.024458788309342,63.14529732355703,26.084703376192437,63.14529732355703,0.06024458788309417,0.0,0.2314921834614948,0.0
2024-05-01 04:30:00,26.013387093403736,64.86895835295485,26.073520964337774,64.86895835295485,0.060133870934038214,0.0,0.23116509479569647,0.0
2024-05-01 04:40:00,26.148496082698795,58.54876104441706,26.209981043525783,58.54876104441706,0.061484960826987844,0.0,0.2351376562251681,0.0
2024-05-01 04:50:00,26.259336905430906,61.98096214285359,26.321930274485215,61.98096214285359,0.06259336905430857,0.0,0.23836614488678548,0.0
2024-05-01 05:00:00,27.551169038184007,58.992945938840045,27.626680728565848,58.992945938840045,0.07551169038184113,0.0,0.2740779902195336,0.0
2024-05-01 05:10:00,25.857759802225555,61.89876574608712,25.916337400247812,61.89876574608712,0.05857759802225715,0.0,0.22653779163504886,0.0
2024-05-01 05:20:00,25.8698065837918,60.559216713231635,25.92850464962972,60.559216713231635,0.0586980658379197,0.0,0.22689796944479584,0.0
2024-05-01 05:30:00,25.740667926456034,57.0283489059817,25.798074605720593,57.0283489059817,0.05740667926455956,0.0,0.22301938484493433,0.0
2024-05-01 05:40:00,26.819151672656563,62.41235039777704,26.88734318938313,62.41235039777704,0.06819151672656787,0.0,0.2542642569716046,0.0
2024-05-01 05:50:00,27.251551797996594,59.20825114738847,27.32406731597656,59.20825114738847,0.0725155179799657,0.0,0.2660968392460377,0.0
2024-05-01 06:00:00,26.450388258238952,59.20992527293727,26.514892140821342,59.20992527293727,0.0645038825823896,0.0,0.24386743193570126,0.0
2024-05-01 06:10:00,26.006429081837105,57.994749525604874,26.066493372655476,57.994749525604874,0.060064290818370836,0.0,0.23095939326910417,0.0
2024-05-01 06:20:00,26.07723189223715,58.67935186149476,26.138004211159522,58.67935186149476,0.06077231892237123,0.0,0.23304743069935405,0.0
2024-05-01 06:30:00,27.16499747118076,60.694580475690934,27.23664744589257,60.694580475690934,0.07164997471180712,0.0,0.2637584442546711,0.0
2024-05-01 06:40:00,27.28040310222014,59.30849240180899,27.353207133242343,59.30849240180899,0.07280403102220134,0.0,0.26687300312023754,0.0
2024-05-01 06:50:00,27.186154589236263,60.1898715910069,27.258016135128628,60.1898715910069,0.07186154589236438,0.0,0.2643314105217967,0.0
2024-05-01 07:00:00,26.38114453459457,60.0994289728371,26.444955979940516,60.0994289728371,0.06381144534594796,0.0,0.24188277829367735,0.0
2024-05-01 07:10:00,27.04576157396059,61.857505003644164,27.116219189700196,61.857505003644164,0.07045761573960618,0.0,0.26051259657425263,0.0
2024-05-01 07:20:00,26.9963326709293,58.368853502868355,27.066295997638594,58.368853502868355,0.06996332670929561,0.0,0.2591586329969731,0.0
2024-05-01 07:30:00,27.094264070114075,55.936692215062784,27.165206710815216,55.936692215062784,0.07094264070114065,0.0,0.26183638174322243,0.0
2024-05-01 07:40:00,27.572810823245952,60.85866416801567,27.648538931478413,60.85866416801567,0.07572810823246101,0.0,0.27464776339964775,0.0
2024-05-01 07:50:00,27.136033915548634,57.89297663957729,27.20739425470412,57.89297663957729,0.07136033915548623,0.0,0.2629726192765317,0.0
2024-05-01 08:00:00,27.466524034834247,60.61488756471015,27.54118927518259,60.61488756471015,0.07466524034834165,0.0,0.2718408789319243,0.0
2024-05-01 08:10:00,27.04540688376698,58.9803176235887,27.11586095260465,58.9803176235887,0.07045406883766958,0.0,0.2605028984790651,0.0
2024-05-01 08:20:00,27.202344832499843,57.77735612927619,27.27436828082484,57.77735612927619,0.07202344832499818,0.0,0.2647692644457201,0.0
2024-05-01 08:30:00,27.438763609119402,58.56155488225243,27.513151245210597,58.56155488225243,0.07438763609119547,0.0,0.2711041836683647,0.0
2024-05-01 08:40:00,25.968797328158423,61.588802218313575,26.028485301440007,61.588802218313575,0.059687973281583595,0.0,0.22984496558438183,0.0
2024-05-01 08:50:00,26.752033044692258,61.662013138409755,26.819553375139183,61.662013138409755,0.06752033044692496,0.0,0.2523932679588303,0.0
2024-05-01 09:00:00,26.62860337257337,57.466690026407676,26.694889406299104,57.466690026407676,0.06628603372573494,0.0,0.24892793962302764,0.0
2024-05-01 09:10:00,26.48779370373426,57.46688580818203,26.552671640771603,57.46688580818203,0.06487793703734468,0.0,0.24493522474164456,0.0
2024-05-01 09:20:00,26.71465789040341,59.11636421205917,26.781804469307442,59.11636421205917,0.0671465789040333,0.0,0.2513473284198563,0.0
2024-05-01 09:30:00,27.921098478773192,55.08884540611582,27.64897963561863,55.08884540611582,-0.27211884315456203,0.0,-0.974599345944209,0.0
2024-05-01 09:40:00,26.231105051936886,57.261598590449246,26.293416102456256,57.261598590449246,0.06231105051936936,0.0,0.2375464182541877,0.0
2024-05-01 09:50:00,27.472731277322655,56.35813237613006,27.547458590095882,56.35813237613006,0.07472731277322708,0.0,0.27200540062396594,0.0
2024-05-01 10:00:00,25.569921414632404,56.85128812590108,25.62562062877873,56.85128812590108,0.05569921414632617,0.0,0.2178309946406494,0.0
2024-05-01 10:10:00,26.461795411116174,54.369665115880814,26.526413365227338,54.369665115880814,0.06461795411116356,0.0,0.24419338562348114,0.0
2024-05-01 10:20:00,26.753768899613036,52.66962053036653,26.82130658860917,52.66962053036653,0.06753768899613277,0.0,0.2524417746507096,0.0
2024-05-01 10:30:00,26.98922226522678,51.51466789179608,27.059114487879047,51.51466789179608,0.06989222265226758,0.0,0.258963455728465,0.0
2024-05-01 10:40:00,27.01120865273356,53.237377199562566,27.0813207392609,53.237377199562566,0.07011208652733814,0.0,0.25956663927455437,0.0
2024-05-01 10:50:00,26.998700040924525,54.36604209541777,27.06868704133377,54.36604209541777,0.06998700040924533,0.0,0.2592235933699004,0.0
2024-05-01 11:00:00,26.124849292274106,54.508098619737545,26.18609778519685,54.508098619737545,0.06124849292274348,0.0,0.23444534449757182,0.0
2024-05-01 11:10:00,25.96657718412353,58.77998053182395,26.026242955964765,58.77998053182395,0.05966577184123523,0.0,0.22977911727894595,0.0
2024-05-01 11:20:00,26.80781797188207,56.928594074518166,26.87589615160089,56.928594074518166,0.06807817971882102,0.0,0.25394897783260917,0.0
2024-05-01 11:30:00,25.986160374189296,52.60367234177496,26.04602197793119,52.60367234177496,0.05986160374189353,0.0,0.2303595563173348,0.0
2024-05-01 11:40:00,25.135845101968346,55.03478214112325,25.18720355298803,55.03478214112325,0.05135845101968428,0.0,0.20432354993969343,0.0
2024-05-01 11:50:00,25.140280687839386,53.337088010314886,25.191683494717783,53.337088010314886,0.05140280687839649,0.0,0.20446393386236358,0.0
2024-05-01 12:00:00,25.19081989523846,53.39486959614019,25.242728094190845,53.39486959614019,0.051908198952386186,0.0,0.20605998204210024,0.0
2024-05-01 12:10:00,26.079500657941967,54.1471795958448,26.14029566452139,54.1471795958448,0.06079500657942205,0.0,0.23311415113658704,0.0
2024-05-01 12:20:00,,54.82848416191302,26.099104462108837,54.82848416191302,,0.0,,0.0
2024-05-01 12:30:00,25.997933920491374,52.72602518701923,26.05791325969629,52.72602518701923,0.05997933920491505,0.0,0.23070809929876693,0.0
2024-05-01 12:40:00,25.101786836419024,55.3475355938182,25.152804704783215,55.3475355938182,0.05101786836419109,0.0,0.2032439710234955,0.0
2024-05-01 12:50:00,25.39473790399237,50.7522396505888,25.448685283032297,50.7522396505888,0.053947379039925636,0.0,0.21243526609284055,0.0
2024-05-01 13:00:00,25.601312889619038,52.86617350317666,25.657326018515228,52.86617350317666,0.05601312889618981,0.0,0.21879006415683597,0.0
2024-05-01 13:10:00,24.8233589692404,57.86741969704955,24.871592558932804,57.86741969704955,0.04823358969240488,0.0,0.19430726418682104,0.0
2024-05-01 13:20:00,25.233131075449364,52.9381074049483,25.285462386203857,52.9381074049483,0.05233131075449293,0.0,0.20739126903441962,0.0
2024-05-01 13:30:00,24.320637521195053,55.17965191515137,24.363843896407005,55.17965191515137,0.04320637521195181,0.0,0.17765313583699494,0.0
2024-05-01 13:40:00,24.39768401254122,52.319037262186576,24.441660852666633,52.319037262186576,0.043976840125413474,0.0,0.18025006022214207,0.0
2024-05-01 13:50:00,24.24981104338137,53.121923000976714,24.292309153815186,53.121923000976714,0.04249811043381513,0.0,0.17525130549590143,0.0
2024-05-01 14:00:00,23.54264921327304,51.672870213990855,23.578075705405773,51.672870213990855,0.03542649213273208,0.0,0.15047793394788841,0.0
2024-05-01 14:10:00,24.580966798891993,51.27348216211619,24.626776466880912,51.27348216211619,0.0458096679889195,0.0,0.18636235248071858,0.0
2024-05-01 14:20:00,23.76963173271777,49.885082222777356,23.807328050044948,49.885082222777356,0.037696317327178264,0.0,0.15859024553287912,0.0
2024-05-01 14:30:00,23.963005487697494,52.1363833830434,24.00263554257447,52.1363833830434,0.03963005487697657,0.0,0.1653801519067484,0.0
2024-05-01 14:40:00,24.144890202687733,49.40651777287421,24.186339104714612,49.40651777287421,0.0414489020268789,0.0,0.1716673866765604,0.0
2024-05-01 14:50:00,23.973253705067783,52.27674466802974,24.012986242118462,52.27674466802974,0.039732537050678474,0.0,0.16573693975582166,0.0
2024-05-01 15:00:00,23.977118681385484,52.95439231630399,24.01688986819934,52.95439231630399,0.03977118681385505,0.0,0.1658714182564864,0.0
2024-05-01 15:10:00,23.291577485070082,51.357477549495044,23.324493259920782,51.357477549495044,0.032915774850700075,0.0,0.14132050468371715,0.0
2024-05-01 15:20:00,22.91202732054228,49.89495494644668,22.941147593747704,49.89495494644668,0.029120273205425207,0.0,0.12709601292818287,0.0
2024-05-01 15:30:00,22.99915373985173,51.220950074935594,23.02914527725025,51.220950074935594,0.02999153739851934,0.0,0.13040278671885033,0.0
2024-05-01 15:40:00,21.719396392814215,49.54385429460607,21.736590356742358,49.54385429460607,0.01719396392814332,0.0,0.07916409653922003,0.0
2024-05-01 15:50:00,21.732232600184712,51.88317583606043,21.749554926186562,51.88317583606043,0.017322326001849575,0.0,0.07970799098525361,0.0
2024-05-01 16:00:00,21.663263312217254,46.2029334833855,21.679895945339428,46.2029334833855,0.016632633122174667,0.0,0.07677805916154146,0.0
2024-05-01 16:10:00,21.734437630795195,49.05105951407833,21.75178200710315,49.05105951407833,0.01734437630795327,0.0,0.07980135765453754,0.0
2024-05-01 16:20:00,22.555280760485733,45.600123436746074,22.58083356809059,45.600123436746074,0.02555280760485701,0.0,0.11328968979017366,0.0
2024-05-01 16:30:00,21.484258665721946,46.454121924905515,21.499101252379166,46.454121924905515,0.01484258665722038,0.0,0.06908586834742253,0.0
2024-05-01 16:40:00,21.69591828994953,52.03756390195106,21.712877472849026,52.03756390195106,0.016959182899494607,0.0,0.07816761970084861,0.0
2024-05-01 16:50:00,22.712669005888472,50.96897994933628,22.739795695947358,50.96897994933628,0.027126690058885572,0.0,0.11943418033280336,0.0
2024-05-01 17:00:00,21.396596720736472,47.6116679642697,21.410562687943838,47.6116679642697,0.013965967207365537,0.0,0.06527190931177596,0.0
2024-05-01 17:10:00,22.00536582826083,45.92095927076309,22.02541948654344,45.92095927076309,0.020053658282609632,0.0,0.09113076528296257,0.0
2024-05-01 17:20:00,20.679202706168812,42.875635117982945,20.6859947332305,43.869368155066425,0.006792027061688799,0.99373303708348,0.032844724036012615,2.317710360089074
2024-05-01 17:30:00,21.033220758088987,47.59988490896359,21.04355296566988,47.59988490896359,0.01033220758089115,0.0,0.04912327835915275,0.0
2024-05-01 17:40:00,20.357119827340817,53.41341133387192,20.360691025614226,53.41341133387192,0.0035711982734092373,0.0,0.017542748206516457,0.0
2024-05-01 17:50:00,20.63089020719008,49.33164125812747,20.63719910926198,49.33164125812747,0.006308902071900491,0.0,0.030579882925758445,0.0
2024-05-01 18:00:00,21.303629693087082,47.23566733735523,21.316665990017952,47.23566733735523,0.013036296930870606,0.0,0.061192844218001106,0.0
2024-05-01 18:10:00,19.354764430453823,49.181619043101556,19.34831207475836,49.181619043101556,-0.0064523556954618755,0.0,-0.03333729903376862,0.0
2024-05-01 18:20:00,20.717884387851964,45.029953816592716,20.725063231730484,45.029953816592716,0.007178843878520524,0.0,0.03465046789589132,0.0
2024-05-01 18:30:00,20.43167512538212,47.461456442249826,20.435991876635942,47.461456442249826,0.004316751253821138,0.0,0.021127740272546082,0.0
2024-05-01 18:40:00,19.702548171273065,48.163164936379566,19.699573652985798,48.163164936379566,-0.002974518287267358,0.0,-0.01509712480543151,0.0
2024-05-01 18:50:00,18.961271756749003,47.70404095660235,18.950884474316492,47.70404095660235,-0.010387282432510858,0.0,-0.05478157038076124,0.0
2024-05-01 19:00:00,19.88107195981192,49.37386130016081,19.879882679410038,49.37386130016081,-0.0011892804018813763,0.0,-0.0059819732270242594,0.0
2024-05-01 19:10:00,19.319157156154894,48.40156769438522,19.312348727716444,48.40156769438522,-0.00680842843845042,0.0,-0.03524185027027083,0.0
2024-05-01 19:20:00,19.71418747637308,48.97302347017871,19.71132935113681,48.97302347017871,-0.00285812523626916,0.0,-0.014497808949491556,0.0
2024-05-01 19:30:00,19.43055139078428,46.187829418259554,19.424856904692124,46.187829418259554,-0.005694486092156836,0.0,-0.02930686822844191,0.0
2024-05-01 19:40:00,20.403004505786782,49.29255576264361,20.40703455084465,49.29255576264361,0.004030045057866971,0.0,0.019752213732658605,0.0
2024-05-01 19:50:00,18.983410773217553,50.691335961642906,18.97324488094973,50.691335961642906,-0.010165892267824717,0.0,-0.05355145284095683,0.0
2024-05-01 20:00:00,18.30653766701732,45.433921712699025,18.289603043687496,45.433921712699025,-0.016934623329824205,0.0,-0.09250587761515998,0.0
2024-05-01 20:10:00,19.023457753031156,45.54384274345862,19.01369233056147,45.54384274345862,-0.00976542246968748,0.0,-0.05133358297143156,0.0
2024-05-01 20:20:00,18.930018081264812,49.940101326177725,18.91931826207746,49.940101326177725,-0.010699819187351522,0.0,-0.056523026768480575,0.0
2024-05-01 20:30:00,19.608704944631832,46.83945686216884,19.604791994078152,46.83945686216884,-0.003912950553679906,0.0,-0.019955170750586122,0.0
2024-05-01 20:40:00,19.126420175954564,49.98773926603601,19.11768437771411,49.98773926603601,-0.008735798240454784,0.0,-0.0456739847817277,0.0
2024-05-01 20:50:00,18.679650617916078,46.25733962863663,18.66644712409524,46.25733962863663,-0.013203493820839185,0.0,-0.07068383713866368,0.0
2024-05-01 21:00:00,19.345692470488036,50.01920072531965,19.339149395192916,50.01920072531965,-0.006543075295120104,0.0,-0.033821871742774796,0.0
2024-05-01 21:10:00,17.38443445066284,47.343182256332675,17.358278795169472,47.343182256332675,-0.026155655493369068,0.0,-0.15045445146690864,0.0
2024-05-01 21:20:00,17.667683185486037,47.572187972360396,17.644360017340897,47.572187972360396,-0.023323168145140016,0.0,-0.13201033718048524,0.0
2024-05-01 21:30:00,17.36969953067616,50.16511838328154,17.343396525982925,50.16511838328154,-0.02630300469323643,0.0,-0.1514303954814152,0.0
2024-05-01 21:40:00,17.65217843279543,46.29653689579761,17.628700217123384,46.29653689579761,-0.023478215672046332,0.0,-0.13300463600813647,0.0
2024-05-01 21:50:00,16.87214926680636,45.126681372241414,16.840870759474424,45.126681372241414,-0.03127850733193682,0.0,-0.18538543511746305,0.0
2024-05-01 22:00:00,18.195349664698956,46.10510328624707,18.177303161345947,46.10510328624707,-0.018046503353009058,0.0,-0.09918195410127964,0.0
2024-05-01 22:10:00,17.51431709310867,47.904667901286274,17.489460264039757,47.904667901286274,-0.024856829068912845,0.0,-0.14192291333296245,0.0
2024-05-01 22:20:00,16.563732311842617,43.87071355794275,16.529369634961043,43.87071355794275,-0.03436267688157457,0.0,-0.2074573304774202,0.0
2024-05-01 22:30:00,16.81018580660809,48.28386736939357,16.77828766467417,48.28386736939357,-0.03189814193391882,0.0,-0.18975484447875438,0.0
2024-05-01 22:40:00,17.672787626436296,45.94253521545046,17.64951550270066,45.94253521545046,-0.02327212373563725,0.0,-0.13168337801346655,0.0
2024-05-01 22:50:00,17.976762834551963,49.33130766140886,17.956530462897483,49.33130766140886,-0.020232371654479664,0.0,-0.11254735816835912,0.0
2024-05-01 23:00:00,18.72910443608054,42.26720971591406,18.716395480441346,43.869368155066425,-0.012708955639194386,1.6021584391523618,-0.06785671831009343,3.790546974642454
2024-05-01 23:10:00,19.317045586142232,45.507079072513434,19.310216042003656,45.507079072513434,-0.006829544138575727,0.0,-0.03535501383024712,0.0
2024-05-01 23:20:00,17.51806159389566,43.73617327031002,17.493242209834616,43.869368155066425,-0.024819384061043337,0.1331948847564064,-0.1416788263245512,0.30454169808867293
2024-05-01 23:30:00,16.490664483501984,45.48995211969309,16.455571128337006,45.48995211969309,-0.035093355164978135,0.0,-0.21280740506295023,0.0
2024-05-01 23:40:00,15.65105226343671,47.67542828412078,15.854433666966173,47.67542828412078,0.20338140352946255,0.0,1.2994743107758517,0.0
2024-05-01 23:50:00,17.295843022468656,46.86369158465945,17.268801452693342,46.86369158465945,-0.02704156977531369,0.0,-0.15634722019727268,0.0
2024-05-02 00:00:00,16.509198170896003,46.76177751564123,16.474290152604965,46.76177751564123,-0.034908018291037735,0.0,-0.21144587356505865,0.0
2024-05-02 00:10:00,16.76220033565836,47.00086431212762,16.729822339014945,47.00086431212762,-0.03237799664341523,0.0,-0.1931607783886061,0.0
2024-05-02 00:20:00,16.604082779810486,47.780997233241735,16.570123607608593,47.780997233241735,-0.03395917220189304,0.0,-0.20452302395881358,0.0
2024-05-02 00:30:00,16.918523914475184,45.41638998250871,16.887709153619937,45.41638998250871,-0.030814760855246703,0.0,-0.18213622542379215,0.0
2024-05-02 00:40:00,17.752732913396304,48.910624227620616,17.730260242530267,48.910624227620616,-0.022472670866036992,0.0,-0.12658710619748578,0.0
2024-05-02 00:50:00,17.11090263176481,48.88990592349204,17.082011658082457,48.88990592349204,-0.028890973682351273,0.0,-0.16884540987754704,0.0
2024-05-02 01:00:00,16.889304329718144,48.40644730927492,16.858197373015326,48.40644730927492,-0.031106956702817712,0.0,-0.18418139726502777,0.0
2024-05-02 01:10:00,16.279729982998656,48.82534412741564,16.242527282828643,48.82534412741564,-0.03720270017001326,0.0,-0.2285216045282385,0.0
2024-05-02 01:20:00,15.84170295280105,48.38508505839797,15.854433666966173,48.38508505839797,0.012730714165122947,0.0,0.08036203054086408,0.0
2024-05-02 01:30:00,16.68780417415208,51.94638886570658,16.6546822158936,51.94638886570658,-0.03312195825848008,0.0,-0.19848002716728325,0.0
2024-05-02 01:40:00,17.00974179123966,47.79002164824307,16.979839209152058,47.79002164824307,-0.029902582087601104,0.0,-0.1757968019420583,0.0
2024-05-02 01:50:00,18.309022539243802,47.44193673097594,18.29211276463624,47.44193673097594,-0.016909774607562156,0.0,-0.09235760440688474,0.0
2024-05-02 02:00:00,17.191634058993984,46.64481536186684,17.163550399583926,46.64481536186684,-0.02808365941005775,0.0,-0.1633565448967051,0.0
2024-05-02 02:10:00,17.82218938354417,46.18693328294526,17.800411277379613,46.18693328294526,-0.021778106164557443,0.0,-0.12219658144058274,0.0
2024-05-02 02:20:00,,45.86586833425206,17.07559537322012,45.86586833425206,,0.0,,0.0
2024-05-02 02:30:00,16.38691036540656,46.68427808873834,16.350779469060626,46.68427808873834,-0.03613089634593436,0.0,-0.22048632439101007,0.0
2024-05-02 02:40:00,16.588977283866686,48.43122054607297,16.554867056705355,48.43122054607297,-0.03411022716133161,0.0,-0.20561983163666694,0.0
2024-05-02 02:50:00,16.8097855488397,49.35546618182428,16.777883404328097,49.35546618182428,-0.03190214451160145,0.0,-0.18978317372884929,0.0
2024-05-02 03:00:00,18.86490169155495,48.90697691077057,18.8535507084705,48.90697691077057,-0.011350983084451371,0.0,-0.06016985018020393,0.0
2024-05-02 03:10:00,16.862118537302116,47.39489562798546,16.830739722675137,47.39489562798546,-0.031378814626979334,0.0,-0.1860905826131136,0.0
2024-05-02 03:20:00,18.090673629400122,50.85099755887921,18.071580365694125,50.85099755887921,-0.019093263705997288,0.0,-0.10554202732930743,0.0
2024-05-02 03:30:00,16.942783678635426,50.657435329994804,16.91221151542178,50.657435329994804,-0.030572163213644643,0.0,-0.18044356696943278,0.0
2024-05-02 03:40:00,18.30242435055953,48.9905428274792,18.285448594065127,48.9905428274792,-0.016975756494403527,0.0,-0.09275140915353411,0.0
2024-05-02 03:50:00,17.99959360389438,48.138411296030505,17.979589539933322,48.138411296030505,-0.020004063961057028,0.0,-0.11113619785687252,0.0
2024-05-02 04:00:00,17.704521080326693,50.67860326865367,17.68156629112996,50.67860326865367,-0.02295478919673144,0.0,-0.12965495701682017,0.0
2024-05-02 04:10:00,17.873825163224065,50.09822142528783,17.852563414856306,50.09822142528783,-0.021261748367759736,0.0,-0.11895466232659825,0.0
2024-05-02 04:20:00,17.536263038353887,46.96949113298565,17.511625668737427,46.96949113298565,-0.024637369616460347,0.0,-0.14049384160453968,0.0
2024-05-02 04:30:00,18.403093128697307,49.87612107316132,18.38712405998428,49.87612107316132,-0.015969068713026502,0.0,-0.08677382981953588,0.0
2024-05-02 04:40:00,17.872459540642815,50.68527202984766,17.851184136049245,50.68527202984766,-0.021275404593570357,0.0,-0.11904016089777171,0.0
2024-05-02 04:50:00,17.43690727047141,48.51362934334269,17.411276343176123,48.51362934334269,-0.02563092729528549,0.0,-0.14699239319056465,0.0
2024-05-02 05:00:00,17.507833235526824,50.84713919923295,17.482911567882095,50.84713919923295,-0.024921667644729695,0.0,-0.1423458134965482,0.0
2024-05-02 05:10:00,18.634327536935505,47.71476976450501,18.620670812304862,47.71476976450501,-0.013656724630642714,0.0,-0.07328799283780658,0.0
2024-05-02 05:20:00,19.73346433677795,53.45619050743651,19.730798980145728,53.45619050743651,-0.0026653566322210054,0.0,-0.013506785158110768,0.0
2024-05-02 05:30:00,18.85802340681744,53.44147416552174,18.846603640885615,53.44147416552174,-0.011419765931826475,0.0,-0.06055653705307243,0.0
2024-05-02 05:40:00,18.784138660772914,50.60455748263982,18.771980047380644,50.60455748263982,-0.012158613392269757,0.0,-0.06472808581668266,0.0
2024-05-02 05:50:00,19.19152722362767,52.00268934080644,19.183442495863947,52.00268934080644,-0.008084727763723265,0.0,-0.042126547145084646,0.0
2024-05-02 06:00:00,20.03289755864809,46.62420308462845,20.033226534234572,46.62420308462845,0.00032897558648059544,0.0,0.0016421767521023363,0.0
2024-05-02 06:10:00,19.402369272612866,49.301602003913935,19.396392965338997,49.301602003913935,-0.005976307273868997,0.0,-0.030801945834031556,0.0
2024-05-02 06:20:00,19.093986368476994,51.198878762471985,19.084926232161763,51.198878762471985,-0.009060136315230949,0.0,-0.04745020835559347,0.0
2024-05-02 06:30:00,20.291468412805266,49.816102767463406,20.29438309693332,49.816102767463406,0.00291468412805429,0.0,0.01436408676177881,0.0
2024-05-02 06:40:00,19.955089361027476,53.564789871101475,19.954640254637752,53.564789871101475,-0.0004491063897233971,0.0,-0.0022505857107335595,0.0
2024-05-02 06:50:00,20.870208472281515,56.30781596343501,20.878910557004332,56.30781596343501,0.00870208472281675,0.0,0.04169620411015207,0.0
2024-05-02 07:00:00,20.065849619072136,50.138718480839145,20.06650811526286,50.138718480839145,0.0006584961907236675,0.0,0.0032816760975711776,0.0
2024-05-02 07:10:00,19.224908994261888,50.9971454356875,19.21715808420451,50.9971454356875,-0.007750910057378491,0.0,-0.04031701819598692,0.0
2024-05-02 07:20:00,19.270679976865342,53.32439211507199,19.263386776633997,53.32439211507199,-0.007293200231345054,0.0,-0.037846096972709936,0.0
2024-05-02 07:30:00,21.532152206538456,56.25834839987285,21.54747372860384,56.25834839987285,0.01532152206538484,0.0,0.07115648226159346,0.0
2024-05-02 07:40:00,21.732790132493783,50.77508390326968,21.750118033818723,50.77508390326968,0.017327901324939887,0.0,0.0797316001272753,0.0
2024-05-02 07:50:00,20.551743890423957,53.902614399401145,20.5572613293282,53.902614399401145,0.005517438904242056,0.0,0.02684657289259475,0.0
2024-05-02 08:00:00,20.561671216189993,57.23273962958844,20.56728792835189,57.23273962958844,0.005616712161899073,0.0,0.027316418509194657,0.0
2024-05-02 08:10:00,22.006568886910408,50.4730100006555,22.026634575779514,50.4730100006555,0.020065688869106424,0.0,0.09118045149256127,0.0
2024-05-02 08:20:00,20.36328958590293,51.40145885852872,20.36692248176196,51.40145885852872,0.003632895859031038,0.0,0.017840417402628376,0.0
2024-05-02 08:30:00,20.667431070333212,53.30403127009386,20.674105381036544,53.30403127009386,0.006674310703331798,0.0,0.032293857328559564,0.0
2024-05-02 08:40:00,21.900287651311935,53.29818841051052,21.919290527825055,53.29818841051052,0.01900287651312027,0.0,0.08676998592747664,0.0
2024-05-02 08:50:00,21.330499768726146,56.153057149965505,21.34380476641341,56.153057149965505,0.01330499768726412,0.0,0.06237546157625116,0.0
2024-05-02 09:00:00,21.760292572013434,55.19992677434524,21.777895497733567,55.19992677434524,0.017602925720133555,0.0,0.08089471068405214,0.0
2024-05-02 09:10:00,21.806856567173554,51.355594087680664,21.82492513284529,51.355594087680664,0.018068565671736536,0.0,0.08285726838289767,0.0
2024-05-02 09:20:00,22.31503558801854,56.1253025988367,22.338185943898726,56.1253025988367,0.02315035588018688,0.0,0.10374330701321778,0.0
2024-05-02 09:30:00,23.221359424202117,54.12831489058512,23.25357301844414,54.12831489058512,0.03221359424202319,0.0,0.1387239810277819,0.0
2024-05-02 09:40:00,22.45668608010336,58.02103985942426,22.481252940904394,58.02103985942426,0.024566860801034096,0.0,0.10939664344687239,0.0
2024-05-02 09:50:00,23.000798260264197,54.40545969090482,23.03080624286684,54.40545969090482,0.030007982602644034,0.0,0.130464961533467,0.0
2024-05-02 10:00:00,21.27113954567599,54.57552495077999,21.28385094113275,54.57552495077999,0.01271139545676192,0.0,0.05975888329568079,0.0
2024-05-02 10:10:00,22.827675555315547,57.11866594938868,22.855952310868705,57.11866594938868,0.028276755553157784,0.0,0.1238704987051272,0.0
2024-05-02 10:20:00,22.426180928454126,57.749324667659835,22.45044273773867,57.749324667659835,0.02426180928454258,0.0,0.10818520265195677,0.0
2024-05-02 10:30:00,22.31692851671827,57.30605679991019,22.340097801885456,57.30605679991019,0.023169285167185194,0.0,0.10381932777993351,0.0
2024-05-02 10:40:00,22.707886003428094,53.22426321044312,22.734964863462377,53.22426321044312,0.02707886003428328,0.0,0.11924870518636267,0.0
2024-05-02 10:50:00,23.23988946356395,57.856236351507015,23.272288358199592,57.856236351507015,0.03239889463564083,0.0,0.13941070884367407,0.0
2024-05-02 11:00:00,,54.8952677937776,23.07192668812852,54.8952677937776,,0.0,,0.0
2024-05-02 11:10:00,22.843133681244996,57.6170568447244,22.871565018057446,57.6170568447244,0.02843133681244936,0.0,0.12446338234141874,0.0
2024-05-02 11:20:00,23.939404728349857,54.480458885344,23.978798775633354,54.480458885344,0.03939404728349771,0.0,0.16455733854086163,0.0
2024-05-02 11:30:00,23.723495883649694,58.40069637538838,23.76073084248619,58.40069637538838,0.03723495883649619,0.0,0.1569539287932629,0.0
2024-05-02 11:40:00,23.975449556062305,56.073579289446236,24.01520405162293,56.073579289446236,0.03975449556062571,0.0,0.16581334780675094,0.0
2024-05-02 11:50:00,25.04697062360888,55.29873379363879,25.097440329844968,55.29873379363879,0.050469706236089706,0.0,0.20150024126477697,0.0
2024-05-02 12:00:00,24.8596144901394,59.46727146264768,24.908210635040795,59.46727146264768,0.04859614490139563,0.0,0.19548229487094967,0.0
2024-05-02 12:10:00,25.554543245149308,58.69685244057726,25.610088677600803,58.69685244057726,0.05554543245149546,0.0,0.2173603023096057,0.0
2024-05-02 12:20:00,24.643044502866903,57.157749072769604,24.689474947895572,57.157749072769604,0.046430445028669,0.0,0.18841196761734294,0.0
2024-05-02 12:30:00,24.394143832377193,61.458310681813934,24.438085270700967,61.458310681813934,0.04394143832377395,0.0,0.1801310946828663,0.0
2024-05-02 12:40:00,24.851849902277756,57.84291449173222,24.900368401300536,57.84291449173222,0.04851849902278005,0.0,0.1952309353773023,0.0
2024-05-02 12:50:00,,58.95462319669612,25.165858097819058,58.95462319669612,,0.0,,0.0
2024-05-02 13:00:00,25.377572073601563,59.592252699954315,25.43134779433758,59.592252699954315,0.05377572073601655,0.0,0.21190254363204236,0.0
2024-05-02 13:10:00,24.612827892145997,57.97684982433061,24.65895617106746,57.97684982433061,0.04612827892146143,0.0,0.1874155993923033,0.0
2024-05-02 13:20:00,25.54982685260949,60.31785785177927,25.605325121135586,60.31785785177927,0.055498268526097405,0.0,0.21721583025299127,0.0
2024-05-02 13:30:00,25.75737029354667,58.465642892112484,25.81494399648214,58.465642892112484,0.05757370293546771,0.0,0.22352321793460567,0.0
2024-05-02 13:40:00,27.467400521165267,58.86370443924938,27.542074526376922,58.86370443924938,0.07467400521165501,0.0,0.2718641145313851,0.0
2024-05-02 13:50:00,27.12284325101581,62.56408487390778,27.19407168352597,62.56408487390778,0.07122843251016064,0.0,0.2626141804196468,0.0
2024-05-02 14:00:00,25.311887066948973,57.906746309845,25.365005937618463,57.906746309845,0.05311887066948984,0.0,0.20985741019226442,0.0
2024-05-02 14:10:00,25.804217221761117,55.30869368632527,25.86225939397873,55.30869368632527,0.05804217221761121,0.0,0.22493289263067937,0.0
2024-05-02 14:20:00,25.07323166719523,63.49959973970817,25.123963983867185,63.49959973970817,0.050732316671954436,0.0,0.20233656891676424,0.0
2024-05-02 14:30:00,25.772337481538205,65.51690847821993,25.830060856353587,65.51690847821993,0.05772337481538159,0.0,0.22397415390331296,0.0
2024-05-02 14:40:00,26.49079557489296,59.74521788374141,26.555703530641892,59.74521788374141,0.06490795574893227,0.0,0.24502078680660588,0.0
2024-05-02 14:50:00,27.193774293074206,56.81648447643639,27.26571203600495,56.81648447643639,0.07193774293074284,0.0,0.2645375450845901,0.0
2024-05-02 15:00:00,25.914808610283128,60.2004220622152,25.97395669638596,60.2004220622152,0.05914808610283373,0.0,0.22824048979996506,0.0
2024-05-02 15:10:00,26.03836630516786,60.37692566947938,26.09874996821954,60.37692566947938,0.06038366305168097,0.0,0.23190265604219787,0.0
2024-05-02 15:20:00,25.059808466423753,60.6941861351106,25.11040655108799,60.6941861351106,0.05059808466423732,0.0,0.2019093032256447,0.0
2024-05-02 15:30:00,26.511160976768227,58.968531122490056,26.57627258653591,58.968531122490056,0.06511160976768338,0.0,0.24560074839702714,0.0
2024-05-02 15:40:00,25.93886611768358,62.4722463601241,25.998254778860417,62.4722463601241,0.059388661176836166,0.0,0.2289562732133017,0.0
2024-05-02 15:50:00,26.364833383414403,62.476433441195056,26.428481717248548,62.476433441195056,0.06364833383414492,0.0,0.24141375334533627,0.0
2024-05-02 16:00:00,26.16982645338421,58.54931604516121,26.231524717918052,58.54931604516121,0.06169826453384175,0.0,0.23576107638215957,0.0
2024-05-02 16:10:00,26.76108867019388,63.04358155393556,26.82869955689582,63.04358155393556,0.06761088670193871,0.0,0.2526462489444338,0.0
2024-05-02 16:20:00,25.635318400222328,65.85391133979084,25.69167158422455,65.52027850683564,0.05635318400222289,-0.3336328329552032,0.2198263470826801,-0.5066256903614054
2024-05-02 16:30:00,25.872626434263346,62.192050142292516,25.93135269860598,62.192050142292516,0.05872626434263495,0.0,0.22698222962344186,0.0
2024-05-02 16:40:00,,61.26924650821789,26.021640730532315,61.26924650821789,,0.0,,0.0
2024-05-02 16:50:00,26.051414616295695,61.75178358083687,26.111928762458653,61.75178358083687,0.06051414616295858,0.0,0.2322873711629684,0.0
2024-05-02 17:00:00,26.20403038457834,63.354271273692675,26.266070688424122,63.354271273692675,0.06204030384578374,0.0,0.23675863191753835,0.0
2024-05-02 17:10:00,,58.746407732204915,27.64897963561863,58.746407732204915,,0.0,,0.0
2024-05-02 17:20:00,29.02885940849156,62.616504164041494,27.64897963561863,62.616504164041494,-1.379879772872929,0.0,-4.753475682442021,0.0
2024-05-02 17:30:00,26.17955464417704,61.582700667111666,26.24135019061881,61.582700667111666,0.061795546441771876,0.0,0.23604506372119163,0.0
2024-05-02 17:40:00,26.74125709569531,66.13107604319102,26.808669666652264,65.52027850683564,0.06741257095695374,-0.6107975363553777,0.2520920041855681,-0.9236165096670412
2024-05-02 17:50:00,27.232542133813403,62.15472958656757,27.30486755515154,62.15472958656757,0.07232542133813524,0.0,0.2655845384641196,0.0
2024-05-02 18:00:00,28.193010816117262,65.90231315584411,27.64897963561863,65.52027850683564,-0.5440311804986315,-0.3820346490084745,-1.9296668385187936,-0.5796983910186106
2024-05-02 18:10:00,26.27664950594788,60.41829785243414,26.33941600100736,60.41829785243414,0.06276649505948129,0.0,0.238867954018543,0.0
2024-05-02 18:20:00,26.775355090056383,63.855284278717846,26.84310864095695,63.855284278717846,0.06775355090056578,0.0,0.2530444532768402,0.0
2024-05-02 18:30:00,27.46587936562999,63.370267874045204,27.540538159286292,63.370267874045204,0.07465879365630101,0.0,0.27182378784393435,0.0
2024-05-02 18:40:00,27.19589125329866,61.03976066871148,27.26785016583165,61.03976066871148,0.07195891253298825,0.0,0.2645947943487977,0.0
2024-05-02 18:50:00,26.593206090190304,63.17469574737099,26.659138151092208,63.17469574737099,0.06593206090190407,0.0,0.2479282139893056,0.0
2024-05-02 19:00:00,26.72298275731448,65.2826266212422,26.790212584887627,65.2826266212422,0.0672298275731471,0.0,0.251580552155037,0.0
2024-05-02 19:10:00,25.809597943538552,62.24330701864857,25.867693922973938,62.24330701864857,0.058095979435385914,0.0,0.22509447672326208,0.0
2024-05-02 19:20:00,26.55593651928063,59.5358640789387,26.621495884473436,59.5358640789387,0.06555936519280792,0.0,0.24687272898551066,0.0
2024-05-02 19:30:00,26.482135945097436,62.90914402133011,26.54695730454841,62.90914402133011,0.06482135945097411,0.0,0.2447739094209065,0.0
2024-05-02 19:40:00,26.772444685712482,61.15947147047324,26.84016913256961,61.15947147047324,0.06772444685712742,0.0,0.2529632525238518,0.0
2024-05-02 19:50:00,26.157943013605532,62.29524027198629,26.21952244374159,62.29524027198629,0.0615794301360566,0.0,0.2354138859620089,0.0
2024-05-02 20:00:00,26.808985802328227,62.82789889653843,26.87707566035151,62.82789889653843,0.06808985802328493,0.0,0.25398147667850857,0.0
2024-05-02 20:10:00,27.1156043544794,59.58646386566518,27.186760398024198,59.58646386566518,0.07115604354479643,0.0,0.26241732477941876,0.0
2024-05-02 20:20:00,26.43892754829012,59.768683321358644,26.503316823773023,59.768683321358644,0.06438927548290252,0.0,0.2435396646301062,0.0
2024-05-02 20:30:00,26.495485483950567,63.96190196874727,26.560440338790073,63.96190196874727,0.06495485483950603,0.0,0.245154424057834,0.0
2024-05-02 20:40:00,26.201379173208732,61.94563704356931,26.26339296494082,61.94563704356931,0.06201379173208821,0.0,0.2366814026167682,0.0
2024-05-02 20:50:00,26.07501378015952,57.850433465672914,26.135763917961114,57.850433465672914,0.06075013780159466,0.0,0.23298218867220483,0.0
2024-05-02 21:00:00,25.476606686859977,64.53400573327454,25.53137275372858,64.53400573327454,0.05476606686860208,0.0,0.2149660963163068,0.0
2024-05-02 21:10:00,26.106036724760454,63.48900918483348,26.16709709200806,63.48900918483348,0.061060367247605996,0.0,0.233893669465702,0.0
2024-05-02 21:20:00,25.715330792421724,61.49203972920526,25.77248410034594,61.49203972920526,0.057153307924217245,0.0,0.22225383132563184,0.0
2024-05-02 21:30:00,27.143837369617078,60.25723000510529,27.21527574331325,60.25723000510529,0.07143837369617145,0.0,0.26318450380982095,0.0
2024-05-02 21:40:00,26.67150755522125,64.52920474020767,26.738222630773464,64.52920474020767,0.06671507555221368,0.0,0.25013612527932805,0.0
2024-05-02 21:50:00,25.728250282975193,63.518604763217965,25.785532785804946,63.518604763217965,0.05728250282975367,0.0,0.22264437806584322,0.0
2024-05-02 22:00:00,24.808586311250135,67.54305972980919,24.856672174362636,65.52027850683564,0.04808586311250096,-2.022781222973549,0.19382750193506634,-2.9948024727710445
2024-05-02 22:10:00,24.445291567127033,63.57184454391262,24.489744482798304,63.57184454391262,0.04445291567127185,0.0,0.18184653494192807,0.0
2024-05-02 22:20:00,25.935835258600473,63.456172227636294,25.99519361118648,63.456172227636294,0.05935835258600619,0.0,0.22886616912143834,0.0
2024-05-02 22:30:00,25.160938545750376,62.291923387781026,25.21254793120788,62.291923387781026,0.051609385457503265,0.0,0.20511709197040254,0.0
2024-05-02 22:40:00,25.18514066992546,64.20008966800665,25.236992076624716,64.20008966800665,0.051851406699256586,0.0,0.20588094932173373,0.0
2024-05-02 22:50:00,23.497030527255927,63.753245456673795,23.532000832528485,63.753245456673795,0.03497030527255873,0.0,0.14882861573505687,0.0
2024-05-02 23:00:00,25.233952048172856,64.93887603440932,25.286291568654587,64.93887603440932,0.05233952048173052,0.0,0.2074170561226866,0.0
2024-05-02 23:10:00,24.766780108325264,61.32098272876271,24.814447909408518,61.32098272876271,0.047667801083253636,0.0,0.1924666867261856,0.0
2024-05-02 23:20:00,23.53289646841031,61.416907812198964,23.568225433094415,61.416907812198964,0.03532896468410485,0.0,0.15012586628054536,0.0
2024-05-02 23:30:00,23.83935133037283,61.24954460139539,23.877744843676556,61.24954460139539,0.038393513303727644,0.0,0.161050998291266,0.0
2024-05-02 23:40:00,24.211089788228644,63.70536118211354,24.253200686110933,63.70536118211354,0.04211089788228861,0.0,0.17393226926432198,0.0
2024-05-02 23:50:00,23.91827361858855,65.03253889024538,23.957456354774436,65.03253889024538,0.03918273618588586,0.0,0.16381924887519572,0.0
2024-05-03 00:00:00,23.530219966187992,61.0262158460563,23.565522165849874,61.0262158460563,0.03530219966188142,0.0,0.1500291952757318,0.0
2024-05-03 00:10:00,23.513770374983963,60.99858202183222,23.548908078733803,60.99858202183222,0.03513770374983949,0.0,0.1494345789275126,0.0
2024-05-03 00:20:00,23.25972710856671,62.37669582363866,23.292324379652378,62.37669582363866,0.03259727108566679,0.0,0.14014468412942385,0.0
2024-05-03 00:30:00,23.391379761604824,61.153665090519986,23.425293559220872,61.153665090519986,0.03391379761604796,0.0,0.14498416921824717,0.0
2024-05-03 00:40:00,24.161831020774734,63.4422345910796,24.203449330982483,63.4422345910796,0.041618310207748976,0.0,0.17224816352686548,0.0
2024-05-03 00:50:00,21.181203825569867,56.923864109384795,21.193015863825565,56.923864109384795,0.011812038255698099,0.0,0.055766604924686346,0.0
2024-05-03 01:00:00,22.657177766246896,59.659713981337354,22.683749543909364,59.659713981337354,0.02657177766246832,0.0,0.11727752651547417,0.0
2024-05-03 01:10:00,22.790823612784994,59.630474538410866,22.818731848912844,59.630474538410866,0.02790823612784976,0.0,0.12245382879534923,0.0
2024-05-03 01:20:00,22.7180908624471,56.43332179238282,22.74527177107157,56.43332179238282,0.027180908624472977,0.0,0.11964433450437024,0.0
2024-05-03 01:30:00,22.093678292595634,59.02209468042311,22.11461507552159,59.02209468042311,0.020936782925957687,0.0,0.09476368148699955,0.0
2024-05-03 01:40:00,20.967085554826767,58.99107778291524,20.976756410375035,58.99107778291524,0.00967085554826852,0.0,0.04612398572505573,0.0
2024-05-03 01:50:00,22.268964760822772,60.287951248639104,22.291654408431,60.287951248639104,0.022689647608228114,0.0,0.1018890992550558,0.0
2024-05-03 02:00:00,23.091051145440943,62.7816881979606,23.121961656895355,62.7816881979606,0.030910511454411704,0.0,0.13386359615991159,0.0
2024-05-03 02:10:00,20.65085821477938,59.928131270624526,20.657366796927175,59.928131270624526,0.006508582147795039,0.0,0.031517247758434494,0.0
2024-05-03 02:20:00,22.172169199472503,58.21609830914207,22.19389089146723,58.21609830914207,0.02172169199472762,0.0,0.09796827635270076,0.0
2024-05-03 02:30:00,21.18087930294864,60.0203452657572,21.192688095978127,60.0203452657572,0.011808793029487674,0.0,0.05575213786258507,0.0
2024-05-03 02:40:00,21.21186162703893,62.08626565775256,21.22398024330932,62.08626565775256,0.012118616270388571,0.0,0.05713131870962647,0.0
2024-05-03 02:50:00,20.3624405459224,57.88688196207129,20.366064951381624,57.88688196207129,0.003624405459223823,0.0,0.01779946490721425,0.0
2024-05-03 03:00:00,20.710924191864677,57.8658313158389,20.718033433783326,57.8658313158389,0.007109241918648479,0.0,0.034326048672617966,0.0
2024-05-03 03:10:00,21.701695077316085,60.64964550499038,21.718712028089247,60.64964550499038,0.017016950773161454,0.0,0.0784130028209114,0.0
2024-05-03 03:20:00,21.047341345164725,58.932513033517814,21.057814758616374,58.932513033517814,0.010473413451649094,0.0,0.04976121819801809,0.0
2024-05-03 03:30:00,21.70126901868243,60.51115107400678,21.718281708869256,60.51115107400678,0.017012690186824386,0.0,0.07839490940450676,0.0
2024-05-03 03:40:00,21.163506440437562,59.02713222100653,21.17514150484194,59.02713222100653,0.011635064404377005,0.0,0.05497701638961699,0.0
2024-05-03 03:50:00,20.498993133797104,60.293735144933386,20.503983065135074,60.293735144933386,0.004989931337970432,0.0,0.024342324061484913,0.0
2024-05-03 04:00:00,21.266494563729342,56.654063106790424,21.279159509366636,56.654063106790424,0.012664945637293812,0.0,0.05955351785570841,0.0
2024-05-03 04:10:00,20.209081840257138,58.53178368219527,20.21117265865971,58.53178368219527,0.002090818402571415,0.0,0.010345934659962818,0.0
2024-05-03 04:20:00,20.339505661415856,57.96432264682909,20.342900718030016,57.96432264682909,0.0033950566141598415,0.0,0.016691932786745554,0.0
2024-05-03 04:30:00,19.41266336734034,55.7817815490155,19.406790001013743,55.7817815490155,-0.005873366326596852,0.0,-0.030255334960776897,0.0
2024-05-03 04:40:00,19.52955450192125,54.912675293945505,19.524850046940465,54.912675293945505,-0.004704454980785755,0.0,-0.024088900647083102,0.0
2024-05-03 04:50:00,18.859981618553036,59.23550116470916,18.848581434738566,59.23550116470916,-0.0114001838144695,0.0,-0.060446420601252625,0.0
2024-05-03 05:00:00,19.908723074274686,56.98487233362502,19.907810305017435,56.98487233362502,-0.0009127692572512558,0.0,-0.0045847704739572295,0.0
2024-05-03 05:10:00,18.26179905466042,55.46349151700759,18.244417045207022,55.46349151700759,-0.017382009453395852,0.0,-0.0951823497858496,0.0
2024-05-03 05:20:00,19.5077436926478,57.13556988229545,19.50282112957428,57.13556988229545,-0.0049225630735207915,0.0,-0.025233892504831493,0.0
2024-05-03 05:30:00,18.703144645904487,59.40254233624648,18.690176092363533,59.40254233624648,-0.012968553540954275,0.0,-0.06933889346674148,0.0
2024-05-03 05:40:00,19.536112845188455,52.402408206382546,19.53147397364034,52.402408206382546,-0.004638871548113599,0.0,-0.02374511032401262,0.0
2024-05-03 05:50:00,19.12474460325729,53.78689009184386,19.115992049289865,53.78689009184386,-0.008752553967426024,0.0,-0.045765599222356707,0.0
2024-05-03 06:00:00,19.759858137708825,54.749684961422204,19.757456719085916,54.749684961422204,-0.0024014186229095458,0.0,-0.012153015503318753,0.0
2024-05-03 06:10:00,18.886703513703246,59.33221580547843,18.87557054884028,59.33221580547843,-0.011132964862966332,0.0,-0.05894604558645616,0.0
2024-05-03 06:20:00,17.1680836839384,56.788645668824564,17.139764520777785,56.788645668824564,-0.02831916316061367,0.0,-0.164952383049645,0.0
2024-05-03 06:30:00,18.118696283531673,57.57103720870208,18.09988324636699,57.57103720870208,-0.01881303716468352,0.0,-0.10383217903918918,0.0
2024-05-03 06:40:00,17.246013227541805,53.568433678732006,17.218473359817224,53.568433678732006,-0.027539867724581057,0.0,-0.15968831382200271,0.0
2024-05-03 06:50:00,17.608378582038718,53.42156301323761,17.584462367859107,53.42156301323761,-0.023916214179610762,0.0,-0.13582292127684203,0.0
2024-05-03 07:00:00,18.93778650168728,56.3677728589872,18.927164366704154,56.3677728589872,-0.010622134983126585,0.0,-0.05608963319013125,0.0
2024-05-03 07:10:00,18.239038812626323,55.399941327167326,18.221429200752585,55.399941327167326,-0.017609611873737663,0.0,-0.09654901255841987,0.0
2024-05-03 07:20:00,17.220525261006152,56.19195943076333,17.192730513616215,56.19195943076333,-0.027794747389936703,0.0,-0.16140475954513786,0.0
2024-05-03 07:30:00,16.921441000643707,54.53017622510802,16.890655410650144,54.53017622510802,-0.03078558999356318,0.0,-0.18193243703294576,0.0
2024-05-03 07:40:00,17.579590488728805,55.27289478761283,17.555386393616093,55.27289478761283,-0.0242040951127116,0.0,-0.13768292912300836,0.0
2024-05-03 07:50:00,16.635057848554645,54.84409274426844,16.60140842704019,54.84409274426844,-0.03364942151445405,0.0,-0.2022801592924891,0.0
2024-05-03 08:00:00,16.951335172547108,55.89490001439119,16.92084852427258,55.89490001439119,-0.03048664827452896,0.0,-0.17984806485274657,0.0
2024-05-03 08:10:00,17.57856487604634,55.76526104690448,17.554350524806804,55.76526104690448,-0.02421435123953586,0.0,-0.13774930667139876,0.0
2024-05-03 08:20:00,18.112503493168468,50.723853283436846,18.093628528100155,50.723853283436846,-0.018874965068313543,0.0,-0.10420958690460794,0.0
2024-05-03 08:30:00,17.67820277579364,49.28199118633232,17.654984803551578,49.28199118633232,-0.02321797224206179,0.0,-0.13133672317557998,0.0
2024-05-03 08:40:00,15.601160914872713,55.593632723265245,15.854433666966173,55.593632723265245,0.25327275209346034,0.0,1.6234224714137355,0.0
2024-05-03 08:50:00,17.375869877399026,55.779992341311136,17.349628576173018,55.779992341311136,-0.026241301226008318,0.0,-0.15102151092959468,0.0
2024-05-03 09:00:00,17.17578394035369,51.17858648932281,17.147541779757226,51.17858648932281,-0.028242160596462895,0.0,-0.16443011098963162,0.0
2024-05-03 09:10:00,17.382465733498798,49.31644528978236,17.356290390833788,49.31644528978236,-0.026175342665009538,0.0,-0.15058475055449388,0.0
2024-05-03 09:20:00,18.19633857965125,53.05156502046653,18.178301965447766,53.05156502046653,-0.018036614203484902,0.0,-0.09912221694783716,0.0
2024-05-03 09:30:00,15.59786897565835,54.53374869655895,15.854433666966173,54.53374869655895,0.25656469130782256,0.0,1.6448701531485557,0.0
2024-05-03 09:40:00,16.610424706223853,56.08713696456638,16.576528953286093,56.08713696456638,-0.03389575293775948,0.0,-0.2040631322633123,0.0
2024-05-03 09:50:00,17.42482802389796,53.345818046141915,17.39907630413694,53.345818046141915,-0.02575171976101842,0.0,-0.1477875117372764,0.0
2024-05-03 10:00:00,15.896022069349817,51.39256351266877,15.854982290043317,51.39256351266877,-0.041039779306499824,0.0,-0.2581764112270036,0.0
2024-05-03 10:10:00,18.033203080220602,50.174107567147395,18.013535111022808,50.174107567147395,-0.019667969197794122,0.0,-0.1090653119709309,0.0
2024-05-03 10:20:00,17.259748093765705,51.80933918611755,17.232345574703363,51.80933918611755,-0.027402519062341923,0.0,-0.1587654635135714,0.0
2024-05-03 10:30:00,17.601324249406463,51.015767916674086,17.57733749190053,51.015767916674086,-0.023986757505934264,0.0,-0.13627814115601627,0.0
2024-05-03 10:40:00,16.620822405528386,49.413911204770564,16.587030629583673,49.413911204770564,-0.03379177594471372,0.0,-0.20330989117285775,0.0
2024-05-03 10:50:00,17.606823904294128,55.37329196685488,17.58289214333707,55.37329196685488,-0.0239317609570584,0.0,-0.1359232141307535,0.0
2024-05-03 11:00:00,17.80674803678856,54.67992895539002,17.784815517156446,54.67992895539002,-0.021932519632112957,0.0,-0.12316970839819037,0.0
2024-05-03 11:10:00,17.248362009565227,53.21767156251374,17.22084562966088,53.21767156251374,-0.027516379904348298,0.0,-0.15953039418519194,0.0
2024-05-03 11:20:00,17.2808319770752,48.94211751179391,17.25364029684595,48.94211751179391,-0.02719168022924734,0.0,-0.15735168460245375,0.0
2024-05-03 11:30:00,17.342238937800555,52.334453383615134,17.31566132717856,52.334453383615134,-0.026577610621995262,0.0,-0.1532536295764242,0.0
2024-05-03 11:40:00,16.589711713259806,51.74670523255386,16.555608830392405,51.74670523255386,-0.03410288286740126,0.0,-0.20556645863920317,0.0
2024-05-03 11:50:00,17.13660474145402,51.19811016472631,17.10797078886856,51.19811016472631,-0.028633952585458644,0.0,-0.16709233256802708,0.0
2024-05-03 12:00:00,17.183651707579877,52.660530939786454,17.155488224655677,52.660530939786454,-0.028163482924199457,0.0,-0.1638969609223182,0.0
2024-05-03 12:10:00,17.614006961826426,51.28282387085269,17.59014703144469,51.28282387085269,-0.02385993038173595,0.0,-0.13545998042038854,0.0
2024-05-03 12:20:00,18.10533835712633,51.34577412442442,18.086391740697596,51.34577412442442,-0.018946616428735297,0.0,-0.10464657470086901,0.0
2024-05-03 12:30:00,16.728873264017746,50.996086817060046,16.696161996657924,50.996086817060046,-0.032711267359822216,0.0,-0.19553777976297493,0.0
2024-05-03 12:40:00,17.451222485684326,50.263330242998286,17.42573471054117,50.263330242998286,-0.025487775143155034,0.0,-0.14605151681530215,0.0
2024-05-03 12:50:00,18.649052806507566,45.877021325931565,18.635543334572642,45.877021325931565,-0.013509471934924022,0.0,-0.07244052593496816,0.0
2024-05-03 13:00:00,17.169179403601653,49.477081597144355,17.140871197637672,49.477081597144355,-0.02830820596398098,0.0,-0.16487803696688408,0.0
2024-05-03 13:10:00,17.196048493754898,48.06622606769466,17.16800897869245,48.06622606769466,-0.028039515062449283,0.0,-0.16305789712463545,0.0
2024-05-03 13:20:00,17.999364020587052,46.490946515559244,17.979357660792925,46.490946515559244,-0.02000635979412735,0.0,-0.11115037048667255,0.0
2024-05-03 13:30:00,18.53905391576504,52.28959942144654,18.524444454922694,52.28959942144654,-0.014609460842347488,0.0,-0.0788037022208779,0.0
2024-05-03 13:40:00,18.050236035567075,52.262683475437655,18.030738395922747,52.262683475437655,-0.019497639644328046,0.0,-0.10801875169891927,0.0
2024-05-03 13:50:00,19.070689158724285,51.405317125420076,19.06139605031153,51.405317125420076,-0.009293108412755657,0.0,-0.04872979856894333,0.0
2024-05-03 14:00:00,18.842179539447685,49.08300814308886,18.83060133484216,49.08300814308886,-0.011578204605523723,0.0,-0.061448329697123306,0.0
2024-05-03 14:10:00,18.93743168840104,51.16312295710549,18.92680600528505,51.16312295710549,-0.01062568311598966,0.0,-0.0561094201728409,0.0
2024-05-03 14:20:00,18.84539509588929,48.37891827065787,18.833849046848187,48.37891827065787,-0.011546049041104567,0.0,-0.06126721664552994,0.0
2024-05-03 14:30:00,20.19974016938182,48.65705317789649,20.20173757107564,48.65705317789649,0.0019974016938206773,0.0,0.009888254388778134,0.0
2024-05-03 14:40:00,18.543040874386868,45.96492778165763,18.528471283130738,45.96492778165763,-0.01456959125613011,0.0,-0.07857174750800876,0.0
2024-05-03 14:50:00,17.4037457915418,48.85008577664277,17.37778324945722,48.85008577664277,-0.025962542084581486,0.0,-0.1491778976523505,0.0
2024-05-03 15:00:00,20.051914489613658,48.08498184719692,20.052433634509796,48.08498184719692,0.0005191448961383571,0.0,0.002589004139266901,0.0
2024-05-03 15:10:00,18.734317854012716,45.270938026575514,18.721661032552845,45.270938026575514,-0.01265682145987057,0.0,-0.06755955332080371,0.0
2024-05-03 15:20:00,19.25891602072201,47.68985483314746,19.25150518092923,47.68985483314746,-0.007410839792779456,0.0,-0.03848004625393048,0.0
2024-05-03 15:30:00,20.23157103687954,47.552818114199496,20.233886747248338,47.552818114199496,0.002315710368797852,0.0,0.011446023467859274,0.0
2024-05-03 15:40:00,18.32745290847919,51.231493767252005,18.310727437563983,51.231493767252005,-0.016725470915208263,0.0,-0.09125911275685356,0.0
2024-05-03 15:50:00,18.7095606957609,49.3530006397479,18.69665630271851,49.3530006397479,-0.012904393042390438,0.0,-0.06897218621126812,0.0
2024-05-03 16:00:00,18.603892913999616,47.519815824005455,18.589931843139613,47.519815824005455,-0.013961070860002422,0.0,-0.07504381434864407,0.0
2024-05-03 16:10:00,19.31022241950018,47.93103668599709,19.303324643695184,47.93103668599709,-0.006897775804997508,0.0,-0.03572085113857558,0.0
2024-05-03 16:20:00,20.31731025151162,47.462645508210244,20.320483354026738,47.462645508210244,0.0031731025151167103,0.0,0.0156177292950509,0.0
2024-05-03 16:30:00,20.52191709919134,46.91340608529664,20.527136270183256,46.91340608529664,0.005219170991914268,0.0,0.025432180466804087,0.0
2024-05-03 16:40:00,20.495628460658644,45.10367825876068,20.500584745265233,45.10367825876068,0.004956284606588923,0.0,0.02418215482439346,0.0
2024-05-03 16:50:00,19.462235238139787,46.9200410803451,19.456857590521185,46.9200410803451,-0.0053776476186016,0.0,-0.02763119216678217,0.0
2024-05-03 17:00:00,18.98456995049142,45.68789996859787,18.974415649996335,45.68789996859787,-0.010154300495084811,0.0,-0.0534871241306257,0.0
2024-05-03 17:10:00,20.79154780078614,44.6417799745747,20.799463278794004,44.6417799745747,0.007915478007863186,0.0,0.0380706529581405,0.0
2024-05-03 17:20:00,20.576351320421285,48.131553201873295,20.5821148336255,48.131553201873295,0.005763513204215087,0.0,0.028010375184909526,0.0
2024-05-03 17:30:00,21.382343311449894,47.86273994258824,21.396166744564393,47.86273994258824,0.013823433114499295,0.0,0.06464882222285279,0.0
2024-05-03 17:40:00,21.707251091840316,43.48231530297885,21.72432360275872,43.869368155066425,0.01707251091840334,0.387052852087578,0.07864888486419563,0.890138552629147
2024-05-03 17:50:00,21.46854054980695,46.79031306495148,21.48322595530502,46.79031306495148,0.014685405498070736,0.0,0.06840430286353485,0.0
2024-05-03 18:00:00,22.060375797979788,49.0114806224858,22.080979555959587,49.0114806224858,0.020603757979799298,0.0,0.09339713053159375,0.0
2024-05-03 18:10:00,21.84570955523814,49.12737304188397,21.864166650790523,49.12737304188397,0.01845709555238173,0.0,0.08448842325634649,0.0
2024-05-03 18:20:00,22.21359800998663,49.053905388074256,22.235733990086498,49.053905388074256,0.02213598009986839,0.0,0.09965058379969177,0.0
2024-05-03 18:30:00,21.50672871599108,47.07782641380292,21.521796003150993,47.07782641380292,0.015067287159912013,0.0,0.07005847964553022,0.0
