time,temperature_cal,humidity_cal,score,alert_drought,DSS_alert
2024-06-01 00:00:00,23.438648002322587,61.21935958850165,1.0,False,False
2024-06-01 00:15:00,23.23038134510972,57.242363094795834,1.0,False,False
2024-06-01 00:30:00,24.140768180751035,54.898811481779795,1.0,False,False
2024-06-01 00:45:00,24.76563409933813,61.545899481686824,1.0,False,False
2024-06-01 01:00:00,25.42252572995441,59.87764722024768,1.0,False,False
2024-06-01 01:15:00,24.859086266902683,58.93803639020283,1.0,False,False
2024-06-01 01:30:00,24.549225002836486,58.9227640345276,1.0,False,False
2024-06-01 01:45:00,24.539067610640345,57.090775045393976,1.0,False,False
2024-06-01 02:00:00,25.76318495402266,57.30081936768818,1.0,False,False
2024-06-01 02:15:00,26.532139967071387,59.12880440477153,1.0,False,False
2024-06-01 02:30:00,25.725308289918317,59.441753210335136,1.0,False,False
2024-06-01 02:45:00,24.8152406318662,59.38992107898991,1.0,False,False
2024-06-01 03:00:00,25.14938438020848,57.86052798850048,1.0,False,False
2024-06-01 03:15:00,27.078962059559547,56.406004883515294,1.0,False,False
2024-06-01 03:30:00,26.236709364307536,56.85068262722554,1.0,False,False
2024-06-01 03:45:00,25.014694154245657,59.34295716278487,1.0,False,False
2024-06-01 04:00:00,26.297646700482087,59.88542885423127,1.0,False,False
2024-06-01 04:15:00,25.66736997173929,56.197854359013824,1.0,False,False
2024-06-01 04:30:00,26.162674912304087,55.79393337081015,1.0,False,False
2024-06-01 04:45:00,26.379086874789877,59.10500953442335,1.0,False,False
2024-06-01 05:00:00,26.33466980388749,57.912021140156725,1.0,False,False
2024-06-01 05:15:00,27.330260571939828,57.707640455221764,1.0,False,False
2024-06-01 05:30:00,27.003081438147206,53.53059617319607,1.0,False,False
2024-06-01 05:45:00,26.734263509490635,55.24378305389451,1.0,False,False
2024-06-01 06:00:00,27.528359052649726,54.791398956198734,1.0,False,False
2024-06-01 06:15:00,27.912235058866305,56.06151757061545,1.0,False,False
2024-06-01 06:30:00,26.26578129791981,52.094542937884356,1.0,False,False
2024-06-01 06:45:00,27.315454385822566,57.82123136595214,1.0,False,False
2024-06-01 07:00:00,26.882493805242767,55.686053576380864,1.0,False,False
2024-06-01 07:15:00,27.516128996019653,55.75848402429034,1.0,False,False
2024-06-01 07:30:00,26.79742857419203,52.318700329912055,1.0,False,False
2024-06-01 07:45:00,27.77145522151129,54.427662754311775,1.0,False,False
2024-06-01 08:00:00,27.781580127171335,56.93888258078431,1.0,False,False
2024-06-01 08:15:00,27.640290640309622,50.915034599679274,1.0,False,False
2024-06-01 08:30:00,27.159034065753406,54.44678441094865,1.0,False,False
2024-06-01 08:45:00,27.648472741678507,55.00987669511589,1.0,False,False
2024-06-01 09:00:00,27.18901541073602,52.001808469381,1.0,False,False
2024-06-01 09:15:00,27.025313446334803,54.785262893509675,1.0,False,False
2024-06-01 09:30:00,28.146165201446646,52.262590133802846,0.993735777080858,False,False
2024-06-01 09:45:00,27.220944524301984,55.14631020412409,1.0,False,False
2024-06-01 10:00:00,28.819176273558288,53.50318472101845,0.9648924454189306,False,False
2024-06-01 10:15:00,28.497861271130304,52.65584884957978,0.9786630883801298,False,False
2024-06-01 10:30:00,26.587866287311876,55.981715859954555,1.0,False,False
2024-06-01 10:45:00,28.16073875153452,53.38249579033542,0.9931111963628062,False,False
2024-06-01 11:00:00,27.176804918696945,54.08908860314332,1.0,False,False
2024-06-01 11:15:00,27.942786538940418,48.84443235852488,1.0,False,False
2024-06-01 11:30:00,27.915754666839693,49.68069860652042,1.0,False,False
2024-06-01 11:45:00,26.452856429376315,52.39652582914446,1.0,False,False
2024-06-01 12:00:00,27.63494843717473,52.2833691522053,1.0,False,False
2024-06-01 12:15:00,27.566991942808645,50.108954678965034,1.0,False,False
2024-06-01 12:30:00,28.36134098266945,51.52795848661154,0.9845139578855949,False,False
2024-06-01 12:45:00,26.797108417308543,47.599899842410395,1.0,False,False
2024-06-01 13:00:00,28.071314909519643,49.892660780551076,0.9969436467348725,False,False
2024-06-01 13:15:00,26.71046047263647,46.91933623325766,1.0,False,False
2024-06-01 13:30:00,27.167501173566958,49.644738339776595,1.0,False,False
2024-06-01 13:45:00,26.725469033060282,47.74197470423254,1.0,False,False
2024-06-01 14:00:00,28.23717232488908,47.18431991132154,0.9898354717904679,False,False
2024-06-01 14:15:00,27.525075099723928,48.33243058871476,1.0,False,False
2024-06-01 14:30:00,28.728957881040582,51.61003586622383,0.9687589479554036,False,False
2024-06-01 14:45:00,27.37081535209522,45.7088838250535,1.0,False,False
2024-06-01 15:00:00,27.40317025171857,46.288446687414,1.0,False,False
2024-06-01 15:15:00,27.285997647553224,49.38930440276448,1.0,False,False
2024-06-01 15:30:00,26.154555602875657,46.17159455676775,1.0,False,False
2024-06-01 15:45:00,26.407830938111804,50.324965157195514,1.0,False,False
2024-06-01 16:00:00,27.275982934748576,47.00239203091736,1.0,False,False
2024-06-01 16:15:00,25.92337324705239,46.512907019029576,1.0,False,False
2024-06-01 16:30:00,26.19995576076947,46.823360428971505,1.0,False,False
2024-06-01 16:45:00,25.91657258119974,49.37375893509716,1.0,False,False
2024-06-01 17:00:00,26.218520394856586,46.9880054423452,1.0,False,False
2024-06-01 17:15:00,25.394495470223397,46.50087667937568,1.0,False,False
2024-06-01 17:30:00,25.398584165661546,45.76583350498016,1.0,False,False
2024-06-01 17:45:00,25.52787777196758,41.93664505935575,0.9455403566107689,False,False
2024-06-01 18:00:00,25.28119548102439,43.095201595525445,0.9661369172537857,False,False
2024-06-01 18:15:00,24.452593205825305,47.64178913659064,1.0,False,False
2024-06-01 18:30:00,25.53247744197623,46.133494205438154,1.0,False,False
2024-06-01 18:45:00,23.842444537228545,45.321969166003754,1.0,False,False
2024-06-01 19:00:00,23.75538818054223,45.40971048085464,1.0,False,False
2024-06-01 19:15:00,23.542288627657996,42.87996101756031,0.9623104180899611,False,False
2024-06-01 19:30:00,24.96009539486968,44.480621329010475,0.9907666014046307,False,False
2024-06-01 19:45:00,23.873531968918027,41.84679390767975,0.9439430028031957,False,False
2024-06-01 20:00:00,23.28878019725694,44.28109792150008,0.9872195186044458,False,False
2024-06-01 20:15:00,23.015887327041234,41.92654168804037,0.9453607411207178,False,False
2024-06-01 20:30:00,23.948783468130696,42.79020179082319,0.9607146985035233,False,False
2024-06-01 20:45:00,22.75902877408821,43.9944274391478,0.9821231544737387,False,False
2024-06-01 21:00:00,22.451166891808715,42.310634583607175,0.9521890592641276,False,False
2024-06-01 21:15:00,23.616641449600895,44.14296439739155,0.9847638115091831,False,False
2024-06-01 21:30:00,22.19563567978665,43.650561444376265,0.9760099812333558,False,False
2024-06-01 21:45:00,22.655607179381438,43.35528770805156,0.9707606703653611,False,False
2024-06-01 22:00:00,22.726297191653323,45.19038422282373,1.0,False,False
2024-06-01 22:15:00,22.270978376218977,39.50637964405577,0.902335638116547,False,False
2024-06-01 22:30:00,22.398726543212696,39.18165619434935,0.8965627767884329,False,False
2024-06-01 22:45:00,23.230035707352727,43.53433958134755,0.9739438147795121,False,False
2024-06-01 23:00:00,21.790015735187154,44.118714697265496,0.9843327057291644,False,False
2024-06-01 23:15:00,21.13213804139592,46.203377337332036,1.0,False,False
2024-06-01 23:30:00,20.59282064225501,43.64333608370078,0.9758815303769028,False,False
2024-06-01 23:45:00,21.603383485961803,43.74978338684083,0.9777739268771704,False,False
2024-06-02 00:00:00,21.37180882219424,40.289570222700014,0.9162590261813336,False,False
2024-06-02 00:15:00,21.679312026091093,43.53523019562929,0.9739596479222985,False,False
2024-06-02 00:30:00,21.048020689662824,43.35982574468402,0.9708413465721603,False,False
2024-06-02 00:45:00,20.92125947517474,39.890501323977944,0.90916446798183,False,False
2024-06-02 01:00:00,20.63895167771511,40.20761295907514,0.9148020081613358,False,False
2024-06-02 01:15:00,20.67203320342766,41.78413625505924,0.9428290889788309,False,False
2024-06-02 01:30:00,21.044609498070525,42.59658535306622,0.957272628498955,False,False
2024-06-02 01:45:00,20.567543328289094,36.1523007041395,0.842707568073591,False,False
2024-06-02 02:00:00,20.81034553298633,42.21216985736015,0.9504385752419583,False,False
2024-06-02 02:15:00,21.982165126973168,42.57081856499086,0.9568145522665041,False,False
2024-06-02 02:30:00,20.903203954366884,41.800814025254645,0.9431255826711937,False,False
2024-06-02 02:45:00,19.386364246712372,42.74129514264461,0.9598452469803487,False,False
2024-06-02 03:00:00,21.630343640691873,43.18034511674336,0.9676505798532153,False,False
2024-06-02 03:15:00,20.593138629199323,40.313812201485675,0.9166899946930787,False,False
2024-06-02 03:30:00,19.629137296252686,43.245604554914856,0.9688107476429307,False,False
2024-06-02 03:45:00,20.86726825461729,41.99431054635816,0.946565520824145,False,False
2024-06-02 04:00:00,20.19473892011886,40.69628990470267,0.9234895983058252,False,False
2024-06-02 04:15:00,19.707689060338915,43.10480297681136,0.9663076084766463,False,False
2024-06-02 04:30:00,19.656832103469174,45.76753753629124,1.0,False,False
2024-06-02 04:45:00,19.372875663199068,39.98489443453093,0.9108425677249943,False,False
2024-06-02 05:00:00,20.076043623020198,39.71881923625055,0.9061123419777877,False,False
2024-06-02 05:15:00,20.77074745402743,39.84553822273075,0.9083651239596578,False,False
2024-06-02 05:30:00,19.781418409189623,47.24011767570494,1.0,False,False
2024-06-02 05:45:00,20.296095659439644,42.92260998079421,0.963068621880786,False,False
2024-06-02 06:00:00,21.313231210158875,43.45360780200394,0.9725085831467366,False,False
2024-06-02 06:15:00,19.155023958390068,42.15260862093735,0.949379708816664,False,False
2024-06-02 06:30:00,20.19665200162136,42.00426623157313,0.9467425107835223,False,False
2024-06-02 06:45:00,19.81920276674103,39.996908110730274,0.9110561441907604,False,False
2024-06-02 07:00:00,19.315698009910818,44.56280842619272,0.9922277053545372,False,False
2024-06-02 07:15:00,19.368662959456756,44.918213696158105,0.998546021265033,False,False
2024-06-02 07:30:00,20.111699336026923,40.62867932218348,0.922287632394373,False,False
2024-06-02 07:45:00,20.467755244553224,42.68347644193935,0.9588173589678106,False,False
2024-06-02 08:00:00,19.839534339423352,43.47476215445999,0.9728846605237331,False,False
2024-06-02 08:15:00,20.30318763056868,45.10919549681996,1.0,False,False
2024-06-02 08:30:00,20.8299151655356,45.85246875402231,1.0,False,False
2024-06-02 08:45:00,20.596912835339626,47.823404294694434,1.0,False,False
2024-06-02 09:00:00,21.0679352954557,48.512730345704426,1.0,False,False
2024-06-02 09:15:00,34.769963367652714,34.090301533248436,0.5159085178504115,True,True
2024-06-02 09:30:00,34.2228900979407,29.100372873720815,0.4506446722877369,True,True
2024-06-02 09:45:00,35.12125639561798,32.65245334763362,0.47529135684414436,True,True
2024-06-02 10:00:00,36.95169920973945,32.01850020863226,0.38557352964081926,True,True
2024-06-02 10:15:00,33.668342866942936,38.7182364919919,0.6453952242902381,True,True
2024-06-02 10:30:00,35.255964605408636,34.34630427740987,0.4996310532713609,True,True
2024-06-02 10:45:00,35.34872385661189,27.29764652430851,0.3703461856249751,True,True
2024-06-02 11:00:00,35.449256143800916,34.261400138341436,0.4898377232806339,True,True
2024-06-02 11:15:00,33.95480087573469,34.15889429457241,0.5520634800863085,True,True
2024-06-02 11:30:00,35.557122628678904,32.29520161077274,0.45026023343861,True,True
2024-06-02 11:45:00,35.12518296865357,31.75870847027195,0.4592342773228563,True,True
2024-06-02 12:00:00,34.50380456501687,34.66340260523877,0.5375037871797124,True,True
2024-06-02 12:15:00,34.33179121571757,34.84155040794322,0.548042859912047,True,True
2024-06-02 12:30:00,34.80415158153433,34.146090207535806,0.5154351073380543,True,True
2024-06-02 12:45:00,35.35722001172165,29.84361950639762,0.41524380659550597,True,True
2024-06-02 13:00:00,35.31933953656089,32.0573194168689,0.4562219206060122,True,True
2024-06-02 13:15:00,36.44628839051287,28.12362236902291,0.33799172061779226,True,True
2024-06-02 13:30:00,34.334825084639114,28.29933067781662,0.43160670842268267,True,True
2024-06-02 13:45:00,35.115986194631915,31.095619958637947,0.44784018457410046,True,True
2024-06-02 14:00:00,34.27804419357793,29.602255647300407,0.4572032857510485,True,True
2024-06-02 14:15:00,35.24896577412118,31.513169139307003,0.44956415628407387,True,True
2024-06-02 14:30:00,34.72905228421256,40.17831665151199,0.6258932298780877,False,False
2024-06-02 14:45:00,34.14610640607416,34.207627912378875,0.5447310470708588,True,True
2024-06-02 15:00:00,33.56341441937131,30.05729568745916,0.49591987678812244,True,True
2024-06-02 15:15:00,34.00949763258951,26.215620621194887,0.40850557917058106,True,True
2024-06-02 15:30:00,34.81774982196295,30.17149695434954,0.4441928899931987,True,True
2024-06-02 15:45:00,35.80157446766038,28.36991104664091,0.37000078269134595,True,True
2024-06-02 16:00:00,35.24464413698531,26.065410066295836,0.3529003191173175,True,True
2024-06-02 16:15:00,33.66690453092372,34.815134031040124,0.5760683790677918,True,True
2024-06-02 16:30:00,34.233109860033984,31.192362437899728,0.4873976080691419,True,True
2024-06-02 16:45:00,34.647251867627986,33.94935381105907,0.5186618448538189,True,True
2024-06-02 17:00:00,34.50906093104955,41.89871463270204,0.6659062837268652,False,False
2024-06-02 17:15:00,34.65214091240692,33.43972747424,0.5093922905976208,True,True
2024-06-02 17:30:00,35.21304409211921,32.977743541253304,0.47714053519812427,True,True
2024-06-02 17:45:00,34.751094295882325,33.67249791329537,0.5092895724445801,True,True
2024-06-02 18:00:00,34.01907309929857,31.825507799391485,0.5078265296382907,True,True
2024-06-02 18:15:00,33.02425037220795,30.14399353906549,0.520568202520506,True,True
2024-06-02 18:30:00,34.28744628615538,31.987518386924158,0.4992050098529449,True,True
2024-06-02 18:45:00,33.20980538346941,36.05470410292593,0.6176951438080895,True,True
2024-06-02 19:00:00,34.41642936095562,31.819901392143827,0.4906973061050939,True,True
2024-06-02 19:15:00,26.953363029421393,55.30412012185405,1.0,False,False
2024-06-02 19:30:00,24.475404209244616,55.80705834570865,1.0,False,False
2024-06-02 19:45:00,25.894970880146083,58.832216941702306,1.0,False,False
2024-06-02 20:00:00,26.135259606587336,53.008211563481495,1.0,False,False
2024-06-02 20:15:00,26.984497820313823,56.59797106693169,1.0,False,False
2024-06-02 20:30:00,26.56565095911495,54.98584520504535,1.0,False,False
2024-06-02 20:45:00,26.605224221851888,54.11075345048961,1.0,False,False
2024-06-02 21:00:00,26.837228397609042,51.80178567454868,1.0,False,False
2024-06-02 21:15:00,28.282518505172867,57.89383830850372,0.98789206406402,False,False
2024-06-02 21:30:00,28.59965293251059,54.83459679280355,0.974300588606689,False,False
2024-06-02 21:45:00,26.817979342362417,55.42452488635011,1.0,False,False
2024-06-02 22:00:00,26.6297420595096,57.985308601514475,1.0,False,False
2024-06-02 22:15:00,29.250575087172447,54.99325173926041,0.9464039248354666,False,False
2024-06-02 22:30:00,26.76242582574872,57.319813018415445,1.0,False,False
2024-06-02 22:45:00,27.123981213079876,57.21825875122532,1.0,False,False
2024-06-02 23:00:00,27.62262210711637,59.06467546790464,1.0,False,False
2024-06-02 23:15:00,28.001365677521893,59.567819818351744,0.9999414709633475,False,False
2024-06-02 23:30:00,28.443819879183284,55.89087875466885,0.9809791480350022,False,False
2024-06-02 23:45:00,28.051810567219416,59.529400288152296,0.9977795471191678,False,False
2024-06-03 00:00:00,27.216235048294585,57.56436384654258,1.0,False,False
2024-06-03 00:15:00,28.224217094782524,58.05854631377806,0.9903906959378919,False,False
2024-06-03 00:30:00,28.081541224146964,57.43525101061375,0.9965053761079873,False,False
2024-06-03 00:45:00,29.251237744627343,59.45086864610394,0.9463755252302568,False,False
2024-06-03 01:00:00,27.95158847984101,55.50704460217941,1.0,False,False
2024-06-03 01:15:00,27.044761286971834,58.475383497138246,1.0,False,False
2024-06-03 01:30:00,27.261513692478363,60.32263401288408,1.0,False,False
2024-06-03 01:45:00,29.014332233624756,57.41166827705995,0.956528618558939,False,False
2024-06-03 02:00:00,34.15556572907934,32.0965986044498,0.5067962375947549,True,True
2024-06-03 02:15:00,34.24201002852503,31.814980291494845,0.49808493411835947,True,True
2024-06-03 02:30:00,34.39517948651472,29.394967236680035,0.4484980744681253,True,True
2024-06-03 02:45:00,35.12495337948643,29.30433418716837,0.4156107962700828,True,True
2024-06-03 03:00:00,35.45599567004926,25.097187558352474,0.3266295516860597,True,True
2024-06-03 03:15:00,35.45783717408715,32.93412188770751,0.4658739070507476,True,True
2024-06-03 03:30:00,35.95674868242515,29.684741990873512,0.38672523154334004,True,True
2024-06-03 03:45:00,34.98534286046615,26.409323190731484,0.3701272420692169,True,True
2024-06-03 04:00:00,35.71759501939712,27.162447030371965,0.35213387494673604,True,True
2024-06-03 04:15:00,35.36579355458578,27.74924726769892,0.3776430848006537,True,True
2024-06-03 04:30:00,35.6371115782407,34.242404959294205,0.4814490840184067,True,True
2024-06-03 04:45:00,33.8589914725181,31.712643693032554,0.5126806977840888,True,True
2024-06-03 05:00:00,36.02538999507264,26.646394235408284,0.329768389793034,True,True
2024-06-03 05:15:00,34.07583811527124,34.6282107891027,0.5552195741676617,True,True
2024-06-03 05:30:00,34.373153893279124,33.337947954130655,0.5195394634408366,True,True
2024-06-03 05:45:00,35.70997785131252,27.346897755722413,0.3557394490137348,True,True
2024-06-03 06:00:00,34.89784265808367,23.347519682077063,0.31944518836667307,True,True
2024-06-03 06:15:00,36.41026651772517,32.4037465406749,0.41562661155076086,True,True
2024-06-03 06:30:00,35.28893697036514,28.49305463567469,0.39416018050745666,True,True
2024-06-03 06:45:00,34.45990689106163,29.65928802248742,0.4504230790368178,True,True
2024-06-03 07:00:00,35.28987530433027,28.68772955201607,0.39758085359628986,True,True
2024-06-03 07:15:00,34.901804536482004,33.14822030583595,0.4935100713338865,True,True
2024-06-03 07:30:00,36.271037280390644,33.697441739763605,0.4445926046266746,True,True
2024-06-03 07:45:00,36.326426289118224,32.02529447815262,0.41249172753828145,True,True
2024-06-03 08:00:00,35.70408939542413,29.62340786172714,0.39646310218236913,True,True
2024-06-03 08:15:00,34.90425081641557,30.654608960745925,0.44907436240814924,True,True
2024-06-03 08:30:00,35.24852066847191,31.552953934370013,0.4502905174860357,True,True
2024-06-03 08:45:00,35.924681534448155,26.06340902919287,0.3237202852331111,True,True
2024-06-03 09:00:00,34.63044146090225,33.1084537808996,0.504432956986849,True,True
2024-06-03 09:15:00,34.635289086120586,29.20325065681326,0.43479936830325827,True,True
2024-06-03 09:30:00,24.63527419438921,56.12280854330396,1.0,False,False
2024-06-03 09:45:00,26.038049408980175,51.49632889452404,1.0,False,False
2024-06-03 10:00:00,24.968981480359954,58.24560583983553,1.0,False,False
2024-06-03 10:15:00,24.22846068151503,52.51558972621081,1.0,False,False
2024-06-03 10:30:00,24.582448222024432,51.16913272375922,1.0,False,False
2024-06-03 10:45:00,24.30961093482918,56.76750709660836,1.0,False,False
2024-06-03 11:00:00,25.040925053594076,57.50802436559725,1.0,False,False
2024-06-03 11:15:00,24.6950940050484,51.633419713381805,1.0,False,False
2024-06-03 11:30:00,24.024191203874427,51.57848053105894,1.0,False,False
2024-06-03 11:45:00,23.59724684314738,58.79161338196168,1.0,False,False
2024-06-03 12:00:00,23.867811831694773,52.553161978622406,1.0,False,False
2024-06-03 12:15:00,24.675818423827735,48.11764282515478,1.0,False,False
2024-06-03 12:30:00,23.835602223071753,50.61698421323084,1.0,False,False
2024-06-03 12:45:00,23.882253902431813,55.59969541446479,1.0,False,False
2024-06-03 13:00:00,23.174098484686144,52.66605968338583,1.0,False,False
2024-06-03 13:15:00,22.22100426012115,52.60302662392953,1.0,False,False
2024-06-03 13:30:00,22.47474072258254,53.29787037255348,1.0,False,False
2024-06-03 13:45:00,23.276844898484484,51.94939812789665,1.0,False,False
2024-06-03 14:00:00,22.743705766329533,49.679924061144334,1.0,False,False
2024-06-03 14:15:00,21.891300579199164,46.905858352885915,1.0,False,False
2024-06-03 14:30:00,21.24630050593474,50.7352785312189,1.0,False,False
2024-06-03 14:45:00,22.313620752553454,47.35867825824065,1.0,False,False
2024-06-03 15:00:00,21.858538721762994,49.226888198939946,1.0,False,False
2024-06-03 15:15:00,21.713856516747445,52.606579774258286,1.0,False,False
2024-06-03 15:30:00,21.59479245526695,49.920114498890115,1.0,False,False
2024-06-03 15:45:00,21.893690651000824,48.70912498795181,1.0,False,False
2024-06-03 16:00:00,21.774192169831313,48.474228385911424,1.0,False,False
2024-06-03 16:15:00,22.11845910194497,49.558823714789234,1.0,False,False
2024-06-03 16:30:00,21.975714019879796,49.69596291137495,1.0,False,False
2024-06-03 16:45:00,22.14327795196942,44.97825396298629,0.9996134037864228,False,False
2024-06-03 17:00:00,21.664583123672397,47.74359490487685,1.0,False,False
2024-06-03 17:15:00,20.759013377991515,50.56729105160062,1.0,False,False
2024-06-03 17:30:00,20.854419144358175,48.41093545143839,1.0,False,False
2024-06-03 17:45:00,21.14164210650557,45.1412201198015,1.0,False,False
2024-06-03 18:00:00,20.486736689713865,45.084791637315035,1.0,False,False
2024-06-03 18:15:00,21.001905950882417,42.09630403561785,0.948378738410984,False,False
2024-06-03 18:30:00,21.343425018758737,44.41324231785765,0.9895687523174693,False,False
2024-06-03 18:45:00,19.898993955660828,48.997748844946784,1.0,False,False
2024-06-03 19:00:00,19.150051126904597,45.43277055443144,1.0,False,False
2024-06-03 19:15:00,21.15992757613539,43.65418850056066,0.9760744622321895,False,False
2024-06-03 19:30:00,20.277546186751543,44.00895936112943,0.982381499753412,False,False
2024-06-03 19:45:00,20.707716090121387,44.74149863873705,0.9954044202442142,False,False
2024-06-03 20:00:00,19.231437108643007,44.55668245115497,0.9921187991316439,False,False
2024-06-03 20:15:00,21.335493728577394,43.87380000051468,0.9799786666758165,False,False
2024-06-03 20:30:00,20.6037899216903,42.86090517330816,0.9619716475254785,False,False
2024-06-03 20:45:00,19.96892535820628,45.495136011227025,1.0,False,False
2024-06-03 21:00:00,19.787316988373775,47.12769756412631,1.0,False,False
2024-06-03 21:15:00,20.096113491193584,42.74924779165632,0.9599866274072235,False,False
2024-06-03 21:30:00,19.888525463080217,42.64321632366394,0.9581016235318034,False,False
2024-06-03 21:45:00,19.80519588344548,45.95128743721176,1.0,False,False
2024-06-03 22:00:00,19.217798789032294,40.49829018208718,0.9199696032371054,False,False
2024-06-03 22:15:00,20.89292148559882,42.102704774318575,0.9484925293212191,False,False
2024-06-03 22:30:00,19.99487138920404,42.39567632766053,0.9537009124917428,False,False
2024-06-03 22:45:00,20.09460528040003,43.36060225143702,0.9708551511366582,False,False
2024-06-03 23:00:00,20.133319108395696,42.355247982056405,0.9529821863476694,False,False
2024-06-03 23:15:00,18.449536215553398,41.01904237794004,0.9292274200522673,False,False
2024-06-03 23:30:00,20.50734105415049,43.30753408274651,0.9699117170266046,False,False
2024-06-03 23:45:00,19.95197154104422,40.21262665768436,0.9148911405810554,False,False
2024-06-04 00:00:00,20.02987405902258,39.01189766740158,0.8935448474204725,False,False
2024-06-04 00:15:00,20.336978107570744,38.3567291113679,0.8818974064243181,False,False
2024-06-04 00:30:00,19.668938446477455,43.83448535160514,0.9792797395840913,False,False
2024-06-04 00:45:00,21.007239497754092,38.79482156150558,0.889685716648988,False,False
2024-06-04 01:00:00,20.00252190185212,43.10175991909648,0.9662535096728263,False,False
2024-06-04 01:15:00,19.935260610510007,43.49590499113658,0.9732605331757613,False,False
2024-06-04 01:30:00,20.047801366262224,43.722908202057376,0.9772961458143533,False,False
2024-06-04 01:45:00,20.851163122601523,41.72219339187552,0.9417278825222315,False,False
2024-06-04 02:00:00,21.355835869393417,40.94547153775591,0.9279194940045494,False,False
2024-06-04 02:15:00,20.515913538765947,42.19142052312985,0.9500696981889751,False,False
2024-06-04 02:30:00,19.97873437094608,40.81872884124964,0.9256662905111046,False,False
2024-06-04 02:45:00,21.887616186416658,39.42784345256937,0.9009394391567888,False,False
2024-06-04 03:00:00,20.51074788278129,44.51311157277934,0.9913442057382993,False,False
2024-06-04 03:15:00,22.209373161780004,40.22327295126277,0.9150804080224493,False,False
2024-06-04 03:30:00,21.45574127735588,45.62176464076515,1.0,False,False
2024-06-04 03:45:00,21.12954380366524,43.085259428923564,0.9659601676253078,False,False
2024-06-04 04:00:00,21.298691803350504,41.180239880443914,0.932093153430114,False,False
2024-06-04 04:15:00,22.201848957475356,43.00611777936345,0.9645532049664614,False,False
2024-06-04 04:30:00,22.636213309108438,44.64039543118414,0.993607029887718,False,False
2024-06-04 04:45:00,22.013122482692786,39.48018800668429,0.9018700090077206,False,False
2024-06-04 05:00:00,22.955748325674524,40.44831010264025,0.9190810684913822,False,False
2024-06-04 05:15:00,23.897477061695685,40.27568564964967,0.9160121893271052,False,False
2024-06-04 05:30:00,22.436897291387833,42.78421179495662,0.9606082096881177,False,False
2024-06-04 05:45:00,21.926417621034496,43.350063199765714,0.9706677902180572,False,False
2024-06-04 06:00:00,22.143233640936103,42.694308119941226,0.9590099221322885,False,False
2024-06-04 06:15:00,22.060096340320634,41.282065211109035,0.9339033815308273,False,False
2024-06-04 06:30:00,22.73908049021433,41.79089791890667,0.9429492963361186,False,False
2024-06-04 06:45:00,22.834976173024764,45.33829652506424,1.0,False,False
2024-06-04 07:00:00,22.56984490761632,45.32148309836898,1.0,False,False
2024-06-04 07:15:00,24.025120650206464,43.480552028825194,0.972987591623559,False,False
2024-06-04 07:30:00,21.98316499949276,40.73359402483211,0.924152782663682,False,False
2024-06-04 07:45:00,23.043946382036506,44.75462686187403,0.9956378108777606,False,False
2024-06-04 08:00:00,25.536634091476227,44.22370152197442,0.9861991381684341,False,False
2024-06-04 08:15:00,25.009676499540817,44.310153783830565,0.9877360672680989,False,False
2024-06-04 08:30:00,24.805987062316582,47.427210339535975,1.0,False,False
2024-06-04 08:45:00,24.916250405973436,45.776664488038435,1.0,False,False
2024-06-04 09:00:00,25.99103740396172,42.36086853386047,0.9530821072686305,False,False
2024-06-04 09:15:00,25.280370057143376,42.56021643101197,0.9566260698846574,False,False
2024-06-04 09:30:00,25.112378089281624,47.43572859172643,1.0,False,False
2024-06-04 09:45:00,24.347967171534425,45.27717868717374,1.0,False,False
2024-06-04 10:00:00,25.306643999766827,46.835598740042684,1.0,False,False
2024-06-04 10:15:00,24.991518688970967,45.04931878650644,1.0,False,False
2024-06-04 10:30:00,25.155608897154437,43.568470709957644,0.974550590399247,False,False
2024-06-04 10:45:00,25.292101596539794,46.325685198176025,1.0,False,False
2024-06-04 11:00:00,25.900176198207106,49.12923072493956,1.0,False,False
2024-06-04 11:15:00,25.836998515046254,46.90786383964003,1.0,False,False
2024-06-04 11:30:00,26.810736140327567,44.20051367856582,0.9857869098411701,False,False
2024-06-04 11:45:00,25.402383717989128,46.06561512650466,1.0,False,False
2024-06-04 12:00:00,26.338221713038664,45.92961118728787,1.0,False,False
2024-06-04 12:15:00,27.88083192551649,47.51341593779716,1.0,False,False
2024-06-04 12:30:00,26.724747770203965,49.45008438730952,1.0,False,False
2024-06-04 12:45:00,27.650705993129197,51.60052772283366,1.0,False,False
2024-06-04 13:00:00,27.717278334779916,48.36138973336485,1.0,False,False
2024-06-04 13:15:00,27.948398603285085,47.302142545913284,1.0,False,False
2024-06-04 13:30:00,27.64400934853979,48.56302885384561,1.0,False,False
2024-06-04 13:45:00,26.256748200766886,48.68804728339495,1.0,False,False
2024-06-04 14:00:00,27.126628856904922,48.05472583699558,1.0,False,False
2024-06-04 14:15:00,27.13316989072887,49.200805589326805,1.0,False,False
2024-06-04 14:30:00,26.395542693728558,49.404487125050125,1.0,False,False
2024-06-04 14:45:00,27.229968446205067,47.303952848261794,1.0,False,False
2024-06-04 15:00:00,26.749065298284233,51.00425634969154,1.0,False,False
2024-06-04 15:15:00,26.522054598165713,49.43510029224557,1.0,False,False
2024-06-04 15:30:00,27.893672344381233,48.4449465967801,1.0,False,False
2024-06-04 15:45:00,27.76783031309881,51.64411186614874,1.0,False,False
2024-06-04 16:00:00,27.36328684443547,49.94020189407088,1.0,False,False
2024-06-04 16:15:00,27.219801818212098,54.65042318402688,1.0,False,False
2024-06-04 16:30:00,27.54075507537885,52.36528513915449,1.0,False,False
2024-06-04 16:45:00,27.672143299441974,51.80909067491064,1.0,False,False
2024-06-04 17:00:00,27.684571345137954,50.38715034883844,1.0,False,False
2024-06-04 17:15:00,27.94944254847675,51.32710149597585,1.0,False,False
2024-06-04 17:30:00,27.69137144024593,54.07817365132843,1.0,False,False
2024-06-04 17:45:00,28.270849390393323,51.24318906484977,0.9883921689831433,False,False
2024-06-04 18:00:00,28.36349910721332,54.374059639552684,0.9844214668337149,False,False
2024-06-04 18:15:00,28.239323963078345,48.88680010642338,0.9897432587252138,False,False
2024-06-04 18:30:00,27.509787108509975,53.716685594275255,1.0,False,False
2024-06-04 18:45:00,27.52139133924556,55.17630698724661,1.0,False,False
2024-06-04 19:00:00,28.23021084543934,54.44485489624413,0.9901338209097424,False,False
2024-06-04 19:15:00,27.75465267440396,53.98072867526292,1.0,False,False
2024-06-04 19:30:00,27.823120869957364,56.227105859612095,1.0,False,False
2024-06-04 19:45:00,26.06370347068434,52.71099959732928,1.0,False,False
2024-06-04 20:00:00,25.866899159764607,52.664665412958975,1.0,False,False
2024-06-04 20:15:00,27.936025431367852,55.04740924473161,1.0,False,False
2024-06-04 20:30:00,27.868028712868604,57.44405737635855,1.0,False,False
2024-06-04 20:45:00,28.544419264484088,56.09879274558274,0.9766677458078249,False,False
2024-06-04 21:00:00,27.99997965750553,55.038961001366246,1.0,False,False
2024-06-04 21:15:00,27.571114818021407,56.21457010463364,1.0,False,False
2024-06-04 21:30:00,27.342790063185458,56.68003359702823,1.0,False,False
2024-06-04 21:45:00,26.24289427431317,53.4804741694082,1.0,False,False
2024-06-04 22:00:00,27.76508851285626,50.51709531997919,1.0,False,False
2024-06-04 22:15:00,26.624731407733886,54.25404282912135,1.0,False,False
2024-06-04 22:30:00,27.294634760900887,53.473760089977986,1.0,False,False
2024-06-04 22:45:00,26.9740183158367,55.4546844766267,1.0,False,False
2024-06-04 23:00:00,26.91115886561477,54.354879467245404,1.0,False,False
2024-06-04 23:15:00,27.228049229027675,55.16600969387783,1.0,False,False
2024-06-04 23:30:00,26.13872187476554,57.89803443702516,1.0,False,False
2024-06-04 23:45:00,26.085169408320322,57.352612908091935,1.0,False,False
2024-06-05 00:00:00,25.62808551260701,57.230499538407514,1.0,False,False
2024-06-05 00:15:00,25.83068523953546,60.71506429587509,1.0,False,False
2024-06-05 00:30:00,27.125107197096035,56.58172194021559,1.0,False,False
2024-06-05 00:45:00,25.565846957379485,56.841662525656254,1.0,False,False
2024-06-05 01:00:00,26.508502115223266,60.22699811390127,1.0,False,False
2024-06-05 01:15:00,26.112578150446513,55.55580432330195,1.0,False,False
2024-06-05 01:30:00,25.8982890911129,54.5956111616264,1.0,False,False
2024-06-05 01:45:00,25.80117351045896,60.54206968409638,1.0,False,False
2024-06-05 02:00:00,24.378420270953463,58.66332584026553,1.0,False,False
2024-06-05 02:15:00,25.197491502431653,59.24548321585955,1.0,False,False
2024-06-05 02:30:00,25.894180255616746,59.36581957608258,1.0,False,False
2024-06-05 02:45:00,24.140236001779964,59.9376267900343,1.0,False,False
2024-06-05 03:00:00,24.438347472780848,57.217475159295084,1.0,False,False
2024-06-05 03:15:00,23.83220990620464,58.033667045704206,1.0,False,False
2024-06-05 03:30:00,24.379340699898556,55.97484969344882,1.0,False,False
2024-06-05 03:45:00,23.245028907693904,58.48578530650712,1.0,False,False
