time,temp_diff_raw_mean,hum_diff_raw_mean,temp_diff_clean_mean,hum_diff_clean_mean
2024-05-01 00:00:00,0.2596426767314206,7.74563424094918,0.23300034854230844,7.746217008519714
2024-05-01 00:10:00,-0.524200869530631,8.496177559622225,-0.5586816331823634,8.49676032719276
2024-05-01 00:20:00,0.8863949646102469,9.736988455355608,0.866020159299925,9.737571222926142
2024-05-01 00:30:00,1.1764533841604816,7.297296873476995,1.1589791630456574,7.29787964104753
2024-05-01 00:40:00,-0.6911554585202317,9.111509240134588,-0.7273057680618642,9.112092007705122
2024-05-01 00:50:00,-0.08106848738573191,7.517449159066338,-0.11111792721601432,7.518031926636873
2024-05-01 01:00:00,1.0750557318721512,7.789562111234069,1.0565675342344463,7.790144878804604
2024-05-01 01:10:00,0.9183763622946906,9.654785579882024,0.8983213709612095,9.655368347452558
2024-05-01 01:20:00,1.2810796196374454,3.9763252740827895,1.2646516608773943,3.9769080416533242
2024-05-01 01:30:00,0.8475676154675433,5.331815930559685,0.8268045366657937,5.33239869813022
2024-05-01 01:40:00,2.2107479464428543,4.918341438167509,2.2036166709508613,4.918924205738044
2024-05-01 01:50:00,2.288558540574929,3.169092175378225,2.2822053710242507,3.1696749429487596
2024-05-01 02:00:00,1.9375765999737666,6.4290941334140115,1.9277136110170758,6.429676900984546
2024-05-01 02:10:00,2.825844938481211,9.229504116065733,2.824864632909602,9.230086883636268
2024-05-01 02:20:00,2.50747943796177,7.101626869452026,2.503315477384966,7.102209637022561
2024-05-01 02:30:00,1.7200485269022394,8.003512286673299,1.7080102572148306,8.004095054243834
2024-05-01 02:40:00,2.718752524125872,9.718718079312616,2.7167012944107043,9.71930084688315
2024-05-01 02:50:00,1.9260883131025857,10.123857899184763,1.9161104412771763,10.124440666755298
2024-05-01 03:00:00,3.346370374341241,7.254303957246705,3.3505953231282284,7.25488672481724
2024-05-01 03:10:00,2.8279928735310484,10.01977979097024,2.8270340473099367,10.020362558540775
2024-05-01 03:20:00,2.8622296107391456,7.4128681252358675,2.861613151890108,7.413450892806402
2024-05-01 03:30:00,2.6407536032689016,5.465850630609083,2.637922384345167,5.466433398179618
2024-05-01 03:40:00,4.095908261986786,5.859953196569528,4.107628589650222,5.8605359641400625
2024-05-01 03:50:00,3.2515160268620598,3.991913520900468,3.254792432174252,3.9924962884710027
2024-05-01 04:00:00,3.176128246249583,5.077130737043859,3.1786507737556526,5.077713504614394
2024-05-01 04:10:00,3.3423336905991334,6.034011783009028,3.346518272548696,6.034594550579563
2024-05-01 04:20:00,4.070799509212662,8.25015439216913,4.082268749348366,8.250737159739664
2024-05-01 04:30:00,4.059727814307056,9.973815421566947,4.071086337493696,9.974398189137482
2024-05-01 04:40:00,4.194836803602115,3.653618113029161,4.2075464166817085,3.6542008805996957
2024-05-01 04:50:00,4.305677626334223,7.08581921146569,4.319495647641137,7.086401979036225
2024-05-01 05:00:00,5.597509759087327,4.097803007452143,5.6242461017217735,4.0983857750226775
2024-05-01 05:10:00,3.904100523128875,7.00362281469922,3.913902773403734,7.004205582269755
2024-05-01 05:20:00,3.9161473046951194,5.66407378184374,3.9260700227856447,5.664656549414275
2024-05-01 05:30:00,3.7870086473593574,2.1332059745937997,3.7956399788765225,2.1337887421643345
2024-05-01 05:40:00,4.865492393559883,7.517207466389138,4.8849085625390565,7.517790233959673
2024-05-01 05:50:00,5.297892518899918,4.313108216000565,5.321632689132485,4.3136909835710995
2024-05-01 06:00:00,4.496728979142272,4.314782341549368,4.512457513977271,4.315365109119902
2024-05-01 06:10:00,4.052769802740425,3.0996065942169793,4.064058745811405,3.100189361787514
2024-05-01 06:20:00,4.123572613140471,3.784208930106857,4.135569584315444,3.7847916976773917
2024-05-01 06:30:00,5.2113381920840816,5.799437544303025,5.234212819048494,5.80002031187356
2024-05-01 06:40:00,5.326743823123461,4.413349470421089,5.350772506398268,4.413932237991624
2024-05-01 06:50:00,5.2324953101395835,5.294728659618997,5.255581508284553,5.295311427189532
2024-05-01 07:00:00,4.4274852554978885,5.204286041449201,4.442521353096446,5.204868809019736
2024-05-01 07:10:00,5.09210229486391,6.962362072256255,5.113784562856125,6.96294483982679
2024-05-01 07:20:00,5.0426733918326185,3.47371057148046,5.063861370794523,3.4742933390509947
2024-05-01 07:30:00,5.140604791017395,1.0415492836748825,5.1627720839711415,1.0421320512454173
2024-05-01 07:40:00,5.619151544149272,5.96352123662777,5.646104304634338,5.964104004198305
2024-05-01 07:50:00,5.182374636451957,2.9978337081893898,5.204959627860045,2.9984164757599245
2024-05-01 08:00:00,5.512864755737567,5.71974463332225,5.538754648338514,5.720327400892785
2024-05-01 08:10:00,5.091747604670299,4.085174692200795,5.1134263257605745,4.0857574597713295
2024-05-01 08:20:00,5.248685553403163,2.882213197888291,5.271933653980767,2.8827959654588255
2024-05-01 08:30:00,5.485104330022718,3.6664119508645285,5.510716618366526,3.6669947184350633
2024-05-01 08:40:00,4.015138049061743,6.693659286925673,4.026050674595933,6.694242054496208
2024-05-01 08:50:00,4.798373765595574,6.76687020702186,4.817118748295108,6.767452974592395
2024-05-01 09:00:00,4.6749440934766895,2.571547095019781,4.69245477945503,2.572129862590316
2024-05-01 09:10:00,4.534134424637578,2.5717428767941257,4.5502370139275286,2.5723256443646605
2024-05-01 09:20:00,4.760998611306729,4.221221280671266,4.779369842463364,4.2218040482418004
2024-05-01 09:30:00,5.967439199676512,0.19370247472792101,5.646545008774556,0.19428524229845578
2024-05-01 09:40:00,4.277445772840206,2.3664556590613444,4.290981475612181,2.367038426631879
2024-05-01 09:50:00,5.5190719982259715,1.4629894447421563,5.545023963251804,1.463572212312691
2024-05-01 10:00:00,3.616262135535724,1.9561451945131765,3.6231860019346556,1.9567279620837112
2024-05-01 10:10:00,4.508136132019491,-0.525477815507088,4.52397873838326,-0.5248950479365533
2024-05-01 10:20:00,4.800109620516359,-2.2255224010213723,4.818871961765094,-2.2249396334508376
2024-05-01 10:30:00,5.035562986130099,-3.380475039591822,5.056679861034972,-3.379892272021287
2024-05-01 10:40:00,5.057549373636881,-1.6577657318253358,5.078886112416825,-1.657182964254801
2024-05-01 10:50:00,5.045040761827845,-0.5291008359701337,5.066252414489696,-0.5285180683995989
2024-05-01 11:00:00,4.171190013177423,-0.3870443116503566,4.1836631583527755,-0.3864615440798218
2024-05-01 11:10:00,4.01291790502685,3.8848376004360503,4.0238083291206905,3.885420368006585
2024-05-01 11:20:00,4.85415869278539,2.0334511431302644,4.8734615247568165,2.034033910700799
2024-05-01 11:30:00,4.032501095092616,-2.291470589612942,4.043587351087115,-2.290887822042407
2024-05-01 11:40:00,3.182185822871663,0.13963920973534982,3.1847689261439562,0.1402219773058846
2024-05-01 11:50:00,3.1866214087427025,-1.5580549210730155,3.189248867873708,-1.5574721535024807
2024-05-01 12:00:00,3.2371606161417787,-1.5002733352477122,3.2402934673467705,-1.4996905676771775
2024-05-01 12:10:00,4.125841378845287,-0.7479633355431048,4.137861037677315,-0.74738056797257
2024-05-01 12:20:00,,-0.06665876947488414,4.096669835264766,-0.06607600190434937
2024-05-01 12:30:00,4.0442746413946935,-2.1691177443686698,4.055478632852214,-2.168534976798135
2024-05-01 12:40:00,3.1481275573223435,0.45239266243029874,3.1503700779391366,0.4529754300008335
2024-05-01 12:50:00,3.4410786248956917,-4.1429032807991035,3.446250656188223,-4.142320513228569
2024-05-01 13:00:00,3.6476536105223616,-2.0289694282112407,3.6548913916711534,-2.028386660640706
2024-05-01 13:10:00,2.869699690143719,2.972276765661647,2.8691579320887293,2.9728595332321817
2024-05-01 13:20:00,3.2794717963526843,-1.9570355264396042,3.2830277593597827,-1.9564527588690694
2024-05-01 13:30:00,2.366978242098373,0.284508983763466,2.3614092695629303,0.2850917513340008
2024-05-01 13:40:00,2.4440247334445395,-2.5761056692013256,2.439226225822562,-2.575522901630791
2024-05-01 13:50:00,2.2961517642846907,-1.7732199304111802,2.289874526971108,-1.7726371628406454
2024-05-01 14:00:00,1.588989934176361,-3.222272717397047,1.5756410785616985,-3.221689949826512
2024-05-01 14:10:00,2.627307519795316,-3.6216607692717133,2.6243418400368377,-3.6210780017011786
2024-05-01 14:20:00,1.8159724536210895,-5.010060708610538,1.8048934232008733,-5.009477941040004
2024-05-01 14:30:00,2.0093462086008103,-2.7587595483445,2.000200915730396,-2.758176780773965
2024-05-01 14:40:00,2.1912309235910534,-5.488625158513692,2.1839044778705343,-5.488042390943157
2024-05-01 14:50:00,2.0195944259711034,-2.6183982633581593,2.010551615274391,-2.6178154957876245
2024-05-01 15:00:00,2.023459402288804,-1.940750615083914,2.0144552413552645,-1.9401678475133792
2024-05-01 15:10:00,1.3379182059733985,-3.5376653818928645,1.3220586330767112,-3.5370826143223297
2024-05-01 15:20:00,0.9583680414455991,-5.0001879849412205,0.9387129669036298,-4.999605217370686
2024-05-01 15:30:00,1.0454944607550516,-3.6741928564523008,1.0267106504061765,-3.673610088881766
2024-05-01 15:40:00,-0.23426288628246894,-5.351288636781831,-0.26584427010171297,-5.350705869211296
2024-05-01 15:50:00,-0.22142667891196766,-3.0119670953274706,-0.2528797006575161,-3.011384327756936
2024-05-01 16:00:00,-0.2903959668794265,-8.692209448002401,-0.32253868150464626,-8.691626680431867
2024-05-01 16:10:00,-0.2192216483014846,-5.8440834173095695,-0.2506526197409258,-5.843500649739035
2024-05-01 16:20:00,0.6016214813890528,-9.29501949464182,0.5783989412465154,-9.294436727071286
2024-05-01 16:30:00,-0.4694006133747344,-8.44102100648238,-0.5033333744649049,-8.440438238911845
2024-05-01 16:40:00,-0.25774098914714827,-2.8575790294368417,-0.28955715399505166,-2.856996261866307
2024-05-01 16:50:00,0.7590097267917919,-3.926162982051622,0.7373610691032866,-3.925580214481087
2024-05-01 17:00:00,-0.557062558360208,-7.283474967118202,-0.5918719389002334,-7.282892199547668
2024-05-01 17:10:00,0.05170654916415174,-8.97418366062481,0.022984859699366922,-8.973600893054275
2024-05-01 17:20:00,-1.2744565729278712,-12.01950781340495,-1.3164398936135733,-11.025192008750942
2024-05-01 17:30:00,-0.9204385210076929,-7.2952580224243135,-0.9588816611741962,-7.294675254853779
2024-05-01 17:40:00,-1.5965394517558629,-1.4817315975159815,-1.6417436012298516,-1.4811488299454467
2024-05-01 17:50:00,-1.322769071906599,-5.563501673260433,-1.365235517582093,-5.562918905689898
2024-05-01 18:00:00,-0.6500295860096017,-7.659475594032671,-0.685768636826122,-7.658892826462136
2024-05-01 18:10:00,-2.598894848642857,-5.713523888286339,-2.6541225520857132,-5.712941120715804
2024-05-01 18:20:00,-1.2357748912447164,-9.865189114795179,-1.2773713951135903,-9.864606347224644
2024-05-01 18:30:00,-1.521984153714559,-7.4336864891380685,-1.5664427502081288,-7.433103721567534
2024-05-01 18:40:00,-2.251111107823615,-6.731977995008336,-2.302860973858273,-6.731395227437801
2024-05-01 18:50:00,-2.992387522347677,-7.191101974785553,-3.051550152527586,-7.190519207215019
2024-05-01 19:00:00,-2.072587319284761,-5.52128163122709,-2.122551947434033,-5.5206988636565555
2024-05-01 19:10:00,-2.6345021229417895,-6.4935752370026805,-2.690085899127631,-6.492992469432146
2024-05-01 19:20:00,-2.2394718027235996,-5.922119461209192,-2.291105275707263,-5.921536693638657
2024-05-01 19:30:00,-2.523107888312399,-8.707313513128348,-2.5775777221519505,-8.706730745557813
2024-05-01 19:40:00,-1.5506547733098976,-5.602587168744293,-1.5954000759994251,-5.602004401173758
2024-05-01 19:50:00,-2.9702485058791233,-4.203806969744996,-3.029189745894346,-4.203224202174461
2024-05-01 20:00:00,-3.64712161207936,-9.46122121868887,-3.7128315831565786,-9.460638451118335
2024-05-01 20:10:00,-2.9302015260655203,-9.351300187929283,-2.988742296282606,-9.350717420358748
2024-05-01 20:20:00,-3.0236411978318714,-4.955041605210177,-3.0831163647666138,-4.954458837639642
2024-05-01 20:30:00,-2.3449543344648482,-8.055686069219064,-2.3976426327659226,-8.05510330164853
2024-05-01 20:40:00,-2.827239103142116,-4.907403665351893,-2.884750249129965,-4.906820897781358
2024-05-01 20:50:00,-3.2740086611805985,-8.637803302751273,-3.3359875027488357,-8.637220535180738
2024-05-01 21:00:00,-2.6079668086086407,-4.8759422060682525,-2.6632852316511553,-4.875359438497718
2024-05-01 21:10:00,-4.569224828433839,-7.55196067505522,-4.6441558316746026,-7.551377907484685
2024-05-01 21:20:00,-4.285976093610643,-7.3229549590274985,-4.358074609503177,-7.322372191456964
2024-05-01 21:30:00,-4.583959748420519,-4.730024548106364,-4.6590381008611494,-4.729441780535829
2024-05-01 21:40:00,-4.301480846301249,-8.598606035590294,-4.37373440972069,-8.598023268019759
2024-05-01 21:50:00,-5.08151001229032,-9.768461559146495,-5.161563867369651,-9.76787879157596
2024-05-01 22:00:00,-3.758309614397721,-8.79003964514083,-3.825131465498128,-8.789456877570295
2024-05-01 22:10:00,-4.439342185988011,-6.990475030101628,-4.512974362804318,-6.989892262531093
2024-05-01 22:20:00,-5.389926967254063,-11.024429373445152,-5.473064991883032,-11.023846605874617
2024-05-01 22:30:00,-5.143473472488591,-6.611275561994333,-5.224146962169904,-6.610692794423798
2024-05-01 22:40:00,-4.280871652660384,-8.95260771593744,-4.3529191241434155,-8.952024948366905
2024-05-01 22:50:00,-3.9768964445447175,-5.5638352699790445,-4.045904163946592,-5.56325250240851
2024-05-01 23:00:00,-3.22455484301614,-12.627933215473838,-3.2860391464027288,-11.025192008750942
2024-05-01 23:10:00,-2.636613692954448,-9.38806385887446,-2.6922185848404183,-9.387481091303925
2024-05-01 23:20:00,-4.435597685201021,-11.158969661077883,-4.509192417009459,-11.025192008750942
2024-05-01 23:30:00,-5.462994795594696,-9.405190811694808,-5.546863498507069,-9.404608044124274
2024-05-01 23:40:00,-6.302607015659969,-7.219714647267125,-6.148000959877903,-7.21913187969659
2024-05-01 23:50:00,-4.657816256628024,-8.031451346728453,-4.733633174150732,-8.030868579157918
2024-05-02 00:00:00,-5.444461108200677,-8.133365415746674,-5.5281444742391095,-8.13278264817614
2024-05-02 00:10:00,-5.19145894343832,-7.894278619260284,-5.27261228782913,-7.893695851689749
2024-05-02 00:20:00,-5.349576499286194,-7.114145698146167,-5.432311019235481,-7.1135629305756325
2024-05-02 00:30:00,-5.035135364621496,-9.47875294887919,-5.114725473224137,-9.478170181308656
2024-05-02 00:40:00,-4.200926365700376,-5.984518703767286,-4.272174384313807,-5.983935936196751
2024-05-02 00:50:00,-4.842756647331871,-6.005237007895865,-4.920422968761617,-6.00465424032533
2024-05-02 01:00:00,-5.0643549493785365,-6.488695622112985,-5.144237253828749,-6.48811285454245
2024-05-02 01:10:00,-5.673929296098024,-6.069798803972262,-5.759907344015431,-6.069216036401727
2024-05-02 01:20:00,-6.11195632629563,-6.5100578729899325,-6.148000959877903,-6.509475105419398
2024-05-02 01:30:00,-5.265855104944599,-2.948754065681321,-5.3477524109504735,-2.948171298110786
2024-05-02 01:40:00,-4.943917487857021,-7.1051212831448325,-5.022595417692017,-7.104538515574298
2024-05-02 01:50:00,-3.6446367398528814,-7.453206200411962,-3.7103218622078344,-7.452623432841428
2024-05-02 02:00:00,-4.7620252201026965,-8.250327569521062,-4.838884227260149,-8.249744801950527
2024-05-02 02:10:00,-4.1314698955525095,-8.70820964844264,-4.202023349464461,-8.707626880872105
2024-05-02 02:20:00,,-9.029274597135839,-4.926839253623953,-9.028691829565304
2024-05-02 02:30:00,-5.56674891369012,-8.210864842649563,-5.651655157783448,-8.210282075079029
2024-05-02 02:40:00,-5.364681995229994,-6.46392238531493,-5.44756757013872,-6.463339617744396
2024-05-02 02:50:00,-5.143873730256981,-5.539676749563618,-5.224551222515977,-5.539093981993084
2024-05-02 03:00:00,-3.0887575875417284,-5.988166020617335,-3.148883918373574,-5.9875832530468
2024-05-02 03:10:00,-5.091540741794564,-7.500247303402439,-5.1716949041689375,-7.499664535831904
2024-05-02 03:20:00,-3.8629856496965616,-4.044145372508694,-3.9308542611499497,-4.04356260493816
2024-05-02 03:30:00,-5.0108756004612545,-4.2377076013931045,-5.090223111422294,-4.23712483382257
2024-05-02 03:40:00,-3.65123492853715,-5.904600103908699,-3.716986032778948,-5.904017336338164
2024-05-02 03:50:00,-3.954065675202301,-6.756731635357397,-4.022845086910753,-6.756148867786862
2024-05-02 04:00:00,-4.249138198769987,-4.216539662734235,-4.320868335714113,-4.2159568951637
2024-05-02 04:10:00,-4.079834115872615,-4.79692150610007,-4.149871211987769,-4.796338738529535
2024-05-02 04:20:00,-4.417396240742793,-7.925651798402249,-4.490808958106648,-7.925069030831715
2024-05-02 04:30:00,-3.550566150399373,-5.01902185822658,-3.615310566859794,-5.018439090656045
2024-05-02 04:40:00,-4.081199738453865,-4.209870901540242,-4.15125049079483,-4.209288133969707
2024-05-02 04:50:00,-4.5167520086252715,-6.381513588045209,-4.591158283667951,-6.380930820474674
2024-05-02 05:00:00,-4.445826043569856,-4.048003732154953,-4.51952305896198,-4.047420964584418
2024-05-02 05:10:00,-3.319331742161175,-7.1803731668828945,-3.381763814539209,-7.17979039931236
2024-05-02 05:20:00,-2.220194942318731,-1.4389524239513918,-2.2716356466983463,-1.438369656380857
2024-05-02 05:30:00,-3.0956358722792388,-1.453668765866162,-3.1558309859584632,-1.4530859982956272
2024-05-02 05:40:00,-3.1695206183237623,-4.290585448748082,-3.23045457946343,-4.290002681177548
2024-05-02 05:50:00,-2.76213205546901,-2.892453590581461,-2.818992130980128,-2.891870823010926
2024-05-02 06:00:00,-1.9207617204485885,-8.270939846759454,-1.969208092609506,-8.27035707918892
2024-05-02 06:10:00,-2.5512900064838178,-5.593540927473967,-2.606041661505074,-5.592958159903432
2024-05-02 06:20:00,-2.8596729106196825,-3.69626416891591,-2.9175083946823115,-3.695681401345375
2024-05-02 06:30:00,-1.6621908662914144,-5.079040163924496,-1.7080515299107546,-5.078457396353961
2024-05-02 06:40:00,-1.998569918069201,-1.33035306028642,-2.0477943722063223,-1.3297702927158852
2024-05-02 06:50:00,-1.083450806815165,1.4126730320471097,-1.1235240698397462,1.4132557996176445
2024-05-02 07:00:00,-1.8878096600245442,-4.7564244505487565,-1.935926511581215,-4.755841682978222
2024-05-02 07:10:00,-2.728750284834792,-3.8979974957004018,-2.785276542639565,-3.897414728129867
2024-05-02 07:20:00,-2.6829793022313346,-1.5707508163159147,-2.739047850210074,-1.57016804874538
2024-05-02 07:30:00,-0.4215070725582244,1.3632054684849493,-0.454960898240234,1.363788236055484
2024-05-02 07:40:00,-0.22086914660289736,-4.12005902811822,-0.2523165930253519,-4.119476260547685
2024-05-02 07:50:00,-1.4019153886727196,-0.992528531986757,-1.4451732975158755,-0.9919457644162222
2024-05-02 08:00:00,-1.3919880629066839,2.337596698200535,-1.4351466984921828,2.33817946577107
2024-05-02 08:10:00,0.05290960781372789,-4.422132930732403,0.024199948935439863,-4.421550163161868
2024-05-02 08:20:00,-1.5903696931937503,-3.493684072859182,-1.6355121450821137,-3.493101305288647
2024-05-02 08:30:00,-1.2862282087634718,-1.5911116612940432,-1.3283292458075309,-1.5905288937235085
2024-05-02 08:40:00,-0.05337162778474891,-1.5969545208773823,-0.08314409901902309,-1.5963717533068476
2024-05-02 08:50:00,-0.6231595103705345,1.2579142185776107,-0.6586298604306648,1.2584969861481454
2024-05-02 09:00:00,-0.19336670708324277,0.30478384295734173,-0.22453912911050722,0.3053666105278765
2024-05-02 09:10:00,-0.14680271192312233,-3.5395488437072444,-0.1775094939987838,-3.5389660761367097
2024-05-02 09:20:00,0.3613763089218587,1.2301596674487953,0.33575131705465466,1.2307424350193301
2024-05-02 09:30:00,1.2677001451054402,-0.7668280408027783,1.2511383916000653,-0.7662452732322436
2024-05-02 09:40:00,0.5030268010066798,3.1258969280363615,0.47881831406032305,3.1264796956068963
2024-05-02 09:50:00,1.047138981167521,-0.48968324048308176,1.028371616022767,-0.489100472912547
2024-05-02 10:00:00,-0.6825197334206905,-0.3196179806079087,-0.718583685711323,-0.3190352130373739
2024-05-02 10:10:00,0.8740162762188675,2.223523018000776,0.8535176840246308,2.224105785571311
2024-05-02 10:20:00,0.47252164935744645,2.85418173627194,0.4480081108945946,2.8547645038424747
2024-05-02 10:30:00,0.3632692376215907,2.410913868522286,0.33766317504138144,2.4114966360928207
2024-05-02 10:40:00,0.7542267243314136,-1.6708797209447823,0.7325302366183024,-1.6702969533742476
2024-05-02 10:50:00,1.2862301844672714,2.961093420119113,1.2698537313555178,2.9616761876896476
2024-05-02 11:00:00,,0.00012486238969700025,1.0694920612844463,0.0007076299602317704
2024-05-02 11:10:00,0.8894744021483199,2.7219139133365005,0.8691303912133748,2.7224966809070352
2024-05-02 11:20:00,1.9857454492531765,-0.4146840460439023,1.9763641487892798,-0.41410127847336753
2024-05-02 11:30:00,1.7698366045530136,3.5055534440004763,1.7582962156421154,3.506136211571011
2024-05-02 11:40:00,2.021790276965625,1.1784363580583417,2.012769424778856,1.1790191256288765
2024-05-02 11:50:00,3.0933113445121982,0.40359086225088703,3.0950057030008935,0.4041736298214218
2024-05-02 12:00:00,2.90595521104272,4.572128531259779,2.905776008196721,4.572711298830313
2024-05-02 12:10:00,3.6008839660526277,3.801709509189358,3.6076540507567287,3.802292276759893
2024-05-02 12:20:00,2.6893852237702234,2.2626061413816956,2.6870403210514944,2.2631889089522303
2024-05-02 12:30:00,2.440484553280516,6.563167750426032,2.435650643856892,6.563750517996567
2024-05-02 12:40:00,2.8981906231810797,2.9477715603443215,2.8979337744564617,2.9483543279148563
2024-05-02 12:50:00,,4.059480265308217,3.16342347097498,4.060063032878752
2024-05-02 13:00:00,3.423912794504883,4.6971097685664205,3.428913167493505,4.697692536136955
2024-05-02 13:10:00,2.659168613049321,3.081706892942705,2.6565215442233843,3.08228966051324
2024-05-02 13:20:00,3.5961675735128082,5.422714920391371,3.602890494291511,5.423297687961906
2024-05-02 13:30:00,3.8037110144499913,3.5704999607245753,3.8125093696380645,3.57108272829511
2024-05-02 13:40:00,5.513741242068587,3.96856150786148,5.539639899532844,3.969144275432015
2024-05-02 13:50:00,5.169183971919129,7.668941942519879,5.191637056681895,7.669524710090414
2024-05-02 14:00:00,3.358227787852293,3.011603378457096,3.3625713107743884,3.0121861460276307
2024-05-02 14:10:00,3.850557942664441,0.4135507549373685,3.859824767134654,0.41413352250790325
2024-05-02 14:20:00,3.1195723880985504,8.604456808320265,3.1215293570231104,8.6050395758908
2024-05-02 14:30:00,3.818678202441525,10.62176554683203,3.8276262295095123,10.622348314402565
2024-05-02 14:40:00,4.53713629579628,4.850074952353509,4.5532689037978145,4.850657719924044
2024-05-02 14:50:00,5.24011501397753,1.9213415450484916,5.2632774091608745,1.9219243126190264
2024-05-02 15:00:00,3.961149331186448,5.3052791308273015,3.971522069541887,5.305861898397836
2024-05-02 15:10:00,4.084707026071179,5.481782738091475,4.096315341375465,5.48236550566201
2024-05-02 15:20:00,3.106149187327077,5.799043203722697,3.107971924243916,5.799625971293231
2024-05-02 15:30:00,4.5575016976715474,4.073388191102154,4.573837959691836,4.073970958672689
2024-05-02 15:40:00,3.985206838586901,7.577103428736201,3.9958201520163428,7.577686196306736
2024-05-02 15:50:00,4.411174104317723,7.581290509807154,4.426047090404474,7.581873277377689
2024-05-02 16:00:00,4.216167174287531,3.654173113773311,4.229090091073974,3.6547558813438457
2024-05-02 16:10:00,4.807429391097202,8.148438622547658,4.826264930051746,8.149021390118193
2024-05-02 16:20:00,3.681659121125648,10.958768408402939,3.6892369573804764,10.62571834301827
2024-05-02 16:30:00,3.9189671551666656,7.296907210904621,3.928918071761906,7.297489978475156
2024-05-02 16:40:00,,6.374103576829988,4.019206103688241,6.374686344400523
2024-05-02 16:50:00,4.097755337199011,6.85664064944897,4.109494135614579,6.8572234170195046
2024-05-02 17:00:00,4.250371105481658,8.45912834230478,4.263636061580044,8.459711109875315
2024-05-02 17:10:00,,3.8512648008170203,5.646545008774556,3.851847568387555
2024-05-02 17:20:00,7.075200129394879,7.721361232653585,5.646545008774556,7.72194400022412
2024-05-02 17:30:00,4.225895365080358,6.687557735723772,4.238915563774736,6.688140503294306
2024-05-02 17:40:00,4.78759781659863,11.235933111803114,4.80623503980819,10.62571834301827
2024-05-02 17:50:00,5.2788828547167235,7.2595866551796675,5.302432928307464,7.260169422750202
2024-05-02 18:00:00,6.239351537020585,11.00717022445621,5.646545008774556,10.62571834301827
2024-05-02 18:10:00,4.3229902268512,5.523154921046235,4.336981374163287,5.5237376886167695
2024-05-02 18:20:00,4.821695810959703,8.960141347329944,4.840674014112874,8.96072411490048
2024-05-02 18:30:00,5.512220086533311,8.475124942657295,5.538103532442214,8.47570771022783
2024-05-02 18:40:00,5.242231974201982,6.144617737323578,5.265415538987575,6.145200504894113
2024-05-02 18:50:00,4.6395468110936235,8.279552815983088,4.656703524248133,8.280135583553623
2024-05-02 19:00:00,4.7693234782178,10.3874836898543,4.787777958043552,10.388066457424834
2024-05-02 19:10:00,3.8559386644418723,7.34816408726067,3.86525929612986,7.348746854831205
2024-05-02 19:20:00,4.602277240183948,4.640721147550799,4.619061257629365,4.641303915121334
2024-05-02 19:30:00,4.52847666600076,8.014001089942205,4.544522677704336,8.01458385751274
2024-05-02 19:40:00,4.818785406615799,6.264328539085341,4.837734505725535,6.2649113066558755
2024-05-02 19:50:00,4.204283734508849,7.400097340598386,4.217087816897514,7.40068010816892
2024-05-02 20:00:00,4.855326523231547,7.932755965150527,4.874641033507437,7.933338732721062
2024-05-02 20:10:00,5.161945075382722,4.691320934277279,5.184325771180127,4.691903701847814
2024-05-02 20:20:00,4.4852682691934405,4.873540389970735,4.5008821969289485,4.87412315754127
2024-05-02 20:30:00,4.541826204853887,9.066759037359368,4.558005711946002,9.067341804929903
2024-05-02 20:40:00,4.247719894112048,7.050494112181411,4.260958338096746,7.051076879751946
2024-05-02 20:50:00,4.121354501062839,2.9552905342850124,4.133329291117043,2.955873301855547
2024-05-02 21:00:00,3.522947407763297,9.638862801886638,3.528938126884505,9.639445569457173
2024-05-02 21:10:00,4.15237744566377,8.593866253445576,4.164662465163985,8.59444902101611
2024-05-02 21:20:00,3.7616715133250445,6.596896797817358,3.7700494735018673,6.597479565387893
2024-05-02 21:30:00,5.190178090520401,5.36208707371739,5.212841116469175,5.362669841287925
2024-05-02 21:40:00,4.71784827612457,9.634061808819773,4.73578800392939,9.634644576390308
2024-05-02 21:50:00,3.774591003878516,8.623461831830063,3.7830981589608683,8.624044599400598
2024-05-02 22:00:00,2.8549270321534514,12.647916798421285,2.854237547518565,10.62571834301827
2024-05-02 22:10:00,2.491632288030356,8.676701612524717,2.48730985595423,8.677284380095251
2024-05-02 22:20:00,3.982175979503797,8.561029296248385,3.992758984342405,8.56161206381892
2024-05-02 22:30:00,3.2072792666536962,7.396780456393131,3.210113304363805,7.397363223963666
2024-05-02 22:40:00,3.2314813908287796,9.304946736618753,3.2345574497806453,9.305529504189288
2024-05-02 22:50:00,1.5433712481592465,8.8581025252859,1.5295662056844108,8.858685292856435
2024-05-02 23:00:00,3.2802927690761763,10.043733103021417,3.2838569418105124,10.044315870591952
2024-05-02 23:10:00,2.813120829228584,6.425839797374806,2.812013282564447,6.426422564945341
2024-05-02 23:20:00,1.5792371893136306,6.521764880811055,1.5657908062503374,6.52234764838159
2024-05-02 23:30:00,1.8856920512761484,6.354401670007491,1.875310216832485,6.354984437578025
2024-05-02 23:40:00,2.2574305091319644,8.81021825072564,2.2507660592668586,8.810801018296175
2024-05-02 23:50:00,1.9646143394918703,10.137395958857475,1.9550217279303652,10.13797872642801
2024-05-03 00:00:00,1.5765606870913125,6.131072914668401,1.563087539005803,6.131655682238936
2024-05-03 00:10:00,1.560111095887283,6.1034390904443185,1.546473451889728,6.104021858014853
2024-05-03 00:20:00,1.306067829470031,7.481552892250761,1.2898897528082998,7.482135659821296
2024-05-03 00:30:00,1.4377204825081442,6.258522159132092,1.4228589323767977,6.259104926702626
2024-05-03 00:40:00,2.2081717416780506,8.547091659691695,2.2010147041384087,8.54767442726223
2024-05-03 00:50:00,-0.7724554535268133,2.0287211779969,-0.8094187630185097,2.0293039455674347
2024-05-03 01:00:00,0.703518487150216,4.76457104994946,0.6813149170652899,4.765153817519995
2024-05-03 01:10:00,0.8371643336883174,4.735331607022971,0.8162972220687692,4.735914374593506
2024-05-03 01:20:00,0.7644315833504187,1.5381788609949183,0.7428371442274972,1.538761628565453
2024-05-03 01:30:00,0.14001901349895718,4.126951749035207,0.11218044867751686,4.127534516605742
2024-05-03 01:40:00,-0.9865737242699133,4.095934851527339,-1.0256782164690392,4.096517619097874
2024-05-03 01:50:00,0.31530548172608874,5.392808317251202,0.28921978158692596,5.393391084821737
2024-05-03 02:00:00,1.137391866344263,7.886545266572696,1.1195270300512803,7.887128034143231
2024-05-03 02:10:00,-1.3028010643173005,5.032988339236624,-1.3450678299169034,5.033571106807159
2024-05-03 02:20:00,0.21850992037582273,3.320955377754167,0.1914562646231559,3.321538145324702
2024-05-03 02:30:00,-0.7727799761480405,5.125202334369298,-0.8097465308659473,5.125785101939833
2024-05-03 02:40:00,-0.7417976520577483,7.191122726364661,-0.7784543835347542,7.191705493935196
2024-05-03 02:50:00,-1.59121873317428,2.991739030683391,-1.6363696754624506,2.9923217982539256
2024-05-03 03:00:00,-1.242735087231999,2.9706883844510017,-1.284401193060745,2.9712711520215365
2024-05-03 03:10:00,-0.251964201780595,5.75450257360248,-0.28372259875482797,5.7550853411730145
2024-05-03 03:20:00,-0.9063179339319554,4.0373701021299055,-0.9446198682277007,4.03795286970044
2024-05-03 03:30:00,-0.2523902604142485,5.616008142618881,-0.28415291797481856,5.616590910189416
2024-05-03 03:40:00,-0.7901528386591217,4.13198928961863,-0.8272931220021356,4.132572057189165
2024-05-03 03:50:00,-1.4546661452995764,5.398592213545484,-1.4984515617089968,5.399174981116019
2024-05-03 04:00:00,-0.6871647153673344,1.7589201754025154,-0.723275117477435,1.7595029429730502
2024-05-03 04:10:00,-1.7445774388395456,3.6366407508073664,-1.7912619681843651,3.637223518377901
2024-05-03 04:20:00,-1.6141536176808238,3.0691797154411873,-1.6595339088140584,3.069762483011722
2024-05-03 04:30:00,-2.5409959117563403,0.8866386176275967,-2.5956446258303316,0.8872213851981314
2024-05-03 04:40:00,-2.4241047771754296,0.017532362557609815,-2.47758457990361,0.018115130128144585
2024-05-03 04:50:00,-3.0936776605436407,4.340358233321261,-3.153853192105508,4.340941000891796
2024-05-03 05:00:00,-2.0449362048219903,2.0897294022371184,-2.0946243218266396,2.090312169807653
2024-05-03 05:10:00,-3.6918602244362617,0.5683485856196882,-3.758017581637052,0.5689313531902229
2024-05-03 05:20:00,-2.44591558644888,2.2404269509075476,-2.499613497269795,2.2410097184780824
2024-05-03 05:30:00,-3.250514633192193,4.507399404858582,-3.3122585344805415,4.5079821724291165
2024-05-03 05:40:00,-2.417546433908228,-2.4927347250053487,-2.4709606532037327,-2.492151957434814
2024-05-03 05:50:00,-2.828914675839389,-1.1082528395440434,-2.8864425775542095,-1.1076700719735086
2024-05-03 06:00:00,-2.193801141387855,-0.14545796996569038,-2.2449779077581553,-0.1448752023951556
2024-05-03 06:10:00,-3.0669557653934305,4.437072874090525,-3.126864078003795,4.43765564166106
2024-05-03 06:20:00,-4.7855755951582815,1.8935027374366555,-4.86267010606629,1.8940855050071903
2024-05-03 06:30:00,-3.8349629955650038,2.6758942773141783,-3.9025513804770853,2.676477044884713
2024-05-03 06:40:00,-4.707646051554875,-1.3267092526558955,-4.78396126702685,-1.3261264850853607
2024-05-03 06:50:00,-4.345280697057962,-1.4735799181502927,-4.4179722589849675,-1.4729971505797579
2024-05-03 07:00:00,-3.015872777409399,1.4726299275993,-3.07527026013992,1.4732126951698348
2024-05-03 07:10:00,-3.7146204664703575,0.5047983957794244,-3.7810054260914896,0.5053811633499592
2024-05-03 07:20:00,-4.733134018090528,1.2968164993754314,-4.809704113227859,1.2973992669459662
2024-05-03 07:30:00,-5.032218278452973,-0.3649667062798798,-5.111779216193931,-0.36438393870934505
2024-05-03 07:40:00,-4.374068790367875,0.3777518562249256,-4.4470482332279815,0.37833462379546035
2024-05-03 07:50:00,-5.318601430542035,-0.05105018711946485,-5.4010261998038835,-0.05046741954893008
2024-05-03 08:00:00,-5.0023241065495725,0.9997570830032885,-5.081586102571496,1.0003398505738232
2024-05-03 08:10:00,-4.3750944030503405,0.8701181155165756,-4.448084102037271,0.8707008830871104
2024-05-03 08:20:00,-3.841155785928212,-4.171289647951056,-3.90880609874392,-4.170706880380521
2024-05-03 08:30:00,-4.27545650330304,-5.613151745055582,-4.3474498232924965,-5.612568977485047
2024-05-03 08:40:00,-6.352498364223967,0.6984897918773427,-6.148000959877903,0.6990725594478775
2024-05-03 08:50:00,-4.577789401697654,0.884849409923234,-4.652806050671057,0.8854321774937688
2024-05-03 09:00:00,-4.777875338742991,-3.716556442065091,-4.854892847086848,-3.715973674494556
2024-05-03 09:10:00,-4.5711935455978825,-5.578697641605544,-4.6461442360102865,-5.578114874035009
2024-05-03 09:20:00,-3.7573206994454296,-1.8435779109213684,-3.8241326613963054,-1.8429951433508336
2024-05-03 09:30:00,-6.355790303438329,-0.36139423482894983,-6.148000959877903,-0.36081146725841506
2024-05-03 09:40:00,-5.343234572872827,1.1919940331784815,-5.425905673557981,1.1925768007490163
2024-05-03 09:50:00,-4.528831255198721,-1.54932488524598,-4.603358322707134,-1.5487421176754452
2024-05-03 10:00:00,-6.057637209746863,-3.5025794187191295,-6.147452336800759,-3.5019966511485947
2024-05-03 10:10:00,-3.9204561988760815,-4.7210353642405,-3.9888995158212666,-4.720452596669965
2024-05-03 10:20:00,-4.693911185330975,-3.085803745270354,-4.770089052140712,-3.0852209776998194
2024-05-03 10:30:00,-4.352335029690217,-3.8793750147138155,-4.425097134943545,-3.8787922471432807
2024-05-03 10:40:00,-5.332836873568294,-5.481231726617345,-5.415403997260402,-5.48064895904681
2024-05-03 10:50:00,-4.346835374802552,0.47814903546697707,-4.419542483507005,0.47873180303751184
2024-05-03 11:00:00,-4.146911242308121,-0.21521397599788372,-4.217619109687629,-0.21463120842734895
2024-05-03 11:10:00,-4.705297269531453,-1.6774713688741585,-4.781588997183196,-1.6768886013036237
2024-05-03 11:20:00,-4.672827302021481,-5.953025419593992,-4.748794329998123,-5.952442652023457
2024-05-03 11:30:00,-4.6114203412961245,-2.5606895477727676,-4.686773299665514,-2.560106780202233
2024-05-03 11:40:00,-5.363947565836874,-3.1484376988340443,-5.4468257964516695,-3.1478549312635096
2024-05-03 11:50:00,-4.817054537642662,-3.697032766661593,-4.894463837975515,-3.696449999091058
2024-05-03 12:00:00,-4.770007571516803,-2.2346119916014544,-4.846946402188397,-2.2340292240309196
2024-05-03 12:10:00,-4.339652317270254,-3.6123190605352136,-4.412287595399384,-3.611736292964679
2024-05-03 12:20:00,-3.8483209219703483,-3.5493688069634786,-3.9160428861464744,-3.548786039392944
2024-05-03 12:30:00,-5.224786015078934,-3.8990561143278555,-5.30627263018615,-3.8984733467573207
2024-05-03 12:40:00,-4.502436793412354,-4.631812688389616,-4.576699916302903,-4.631229920819081
2024-05-03 12:50:00,-3.3046064725891107,-9.018121605456336,-3.3668912922714362,-9.017538837885802
2024-05-03 13:00:00,-4.784479875495027,-5.418061334243539,-4.861563429206402,-5.4174785666730045
2024-05-03 13:10:00,-4.757610785341782,-6.8289168636932445,-4.834425648151626,-6.82833409612271
2024-05-03 13:20:00,-3.954295258509628,-8.40419641582865,-4.02307696605115,-8.403613648258116
2024-05-03 13:30:00,-3.4146053633316384,-2.605543509941363,-3.477990171921384,-2.604960742370828
2024-05-03 13:40:00,-3.9034232435296055,-2.632459455950247,-3.971696230921328,-2.6318766883797124
2024-05-03 13:50:00,-2.882970120372395,-3.4898258059678184,-2.941038576532545,-3.4892430383972837
2024-05-03 14:00:00,-3.1114797396489955,-5.812134788299041,-3.1718332920019137,-5.811552020728506
2024-05-03 14:10:00,-3.016227590695639,-3.7320199742824087,-3.075628621559023,-3.731437206711874
2024-05-03 14:20:00,-3.108264183207389,-6.516224660730032,-3.168585579995888,-6.515641893159497
2024-05-03 14:30:00,-1.753919109714861,-6.238089753491408,-1.8006970557684348,-6.237506985920874
2024-05-03 14:40:00,-3.410618404709812,-8.930215149730273,-3.47396334371334,-8.929632382159738
2024-05-03 14:50:00,-4.549913487554878,-6.04505715474513,-4.624651377386854,-6.044474387174596
2024-05-03 15:00:00,-1.9017447894830255,-6.81016108419098,-1.9500009923342745,-6.8095783166204455
2024-05-03 15:10:00,-3.219341425083961,-9.62420490481238,-3.2807735942912295,-9.623622137241846
2024-05-03 15:20:00,-2.6947432583746718,-7.205288098240445,-2.7509294459148457,-7.20470533066991
2024-05-03 15:30:00,-1.72208824221714,-7.3423248171884055,-1.7685478795957401,-7.341742049617871
2024-05-03 15:40:00,-3.6262063706174885,-3.6636491641358973,-3.6917071892800912,-3.6630663965653625
2024-05-03 15:50:00,-3.2440985833357807,-5.542142291640005,-3.3057783241255656,-5.54155952406947
2024-05-03 16:00:00,-3.3497663650970644,-7.3753271073824465,-3.4125027837044613,-7.374744339811912
2024-05-03 16:10:00,-2.6434368595964983,-6.964106245390809,-2.6991099831488903,-6.963523477820274
2024-05-03 16:20:00,-1.6363490275850587,-7.432497423177665,-1.68195127281734,-7.43191465560713
2024-05-03 16:30:00,-1.4317421799053385,-7.981736846091259,-1.4752983566608187,-7.981154078520724
2024-05-03 16:40:00,-1.4580308184380364,-9.791464672627221,-1.5018498815788384,-9.790881905056686
2024-05-03 16:50:00,-2.4914240409568933,-7.975101851042801,-2.5455770363228893,-7.974519083472266
2024-05-03 17:00:00,-2.9690893286052606,-9.207242962790033,-3.0280189768477435,-9.206660195219499
2024-05-03 17:10:00,-1.162111478310539,-10.253362956813199,-1.2029713480500703,-10.252780189242664
2024-05-03 17:20:00,-1.3773079586753951,-6.763589729514607,-1.4203197932185745,-6.763006961944072
2024-05-03 17:30:00,-0.5713159676467896,-7.03240298879966,-0.6062678822796777,-7.031820221229125
2024-05-03 17:40:00,-0.24640818725636038,-11.412827628409055,-0.27811102408535504,-11.025192008750942
2024-05-03 17:50:00,-0.48511872928973077,-8.104829866436425,-0.5192086715390545,-8.10424709886589
2024-05-03 18:00:00,0.10671651888310763,-5.883662308902103,0.07854492911551247,-5.883079541331568
2024-05-03 18:10:00,-0.10794972385853896,-5.767769889503931,-0.13826797605355168,-5.7671871219333966
2024-05-03 18:20:00,0.25993873088994945,-5.841237543313646,0.23329936324241984,-5.840654775743111
2024-05-03 18:30:00,-0.44693056310559953,-7.817316517584985,-0.4806386236930784,-7.81673375001445
