t,prey,pred
0.0,35.0,10.0
0.1,35.95919051542101,9.97575625148663
0.2,36.94657380023685,9.963201262810816
0.30000000000000004,37.961769653106245,9.962625901727622
0.4,39.00425438051133,9.974357999956656
0.5,40.07334333276212,9.998764539823373
0.6000000000000001,41.16817210783202,10.036253885055187
0.7000000000000001,42.28767640658184,10.087278029709738
0.8,43.43057054739196,10.152334829988412
0.9,44.59532467996367,10.231970172462663
1.0,45.78014077849169,10.326780018690936
1.1,46.982927545126174,10.437412249990077
1.2000000000000002,48.201274417339384,10.564568216905599
1.3,49.43242494928014,10.7090038753794
1.4000000000000001,50.67324992922719,10.871530365475637
1.5,51.920220704512644,11.053013858632438
1.6,53.16938331314991,11.254374465763489
1.7000000000000002,54.41633416869567,11.476583961398164
1.8,55.65619821155825,11.720662039045116
1.9000000000000001,56.88361062469453,11.987670771216484
2.0,58.09270341125425,12.27870690584634
2.1,59.277098340626324,12.594891591813031
2.2,60.42990797875646,12.93735709360896
2.3000000000000003,61.54374671587367,13.307230033800145
2.4000000000000004,62.61075387260571,13.705610698064659
2.5,63.62263108141965,14.133547959013104
2.6,64.57069617652222,14.592009430743634
2.7,65.44595574883004,15.081846566267727
2.8000000000000003,66.23919829646373,15.603754565056619
2.9000000000000004,66.94110948687488,16.158227177847195
3.0,67.54241040768511,16.745506788177114
3.1,68.03401879049689,17.36553051834769
3.2,68.40723203053425,18.017873548414016
3.3000000000000003,68.65392940267138,18.70169133776215
3.4000000000000004,68.76678922995316,19.415662975287155
3.5,68.73951497153816,20.15793841775407
3.6,68.56706238396795,20.92609285399548
3.7,68.24585823665063,21.717091790157028
3.8000000000000003,67.77399972841616,22.52727061560395
3.9000000000000004,67.15142297407574,23.352332308170222
4.0,66.38002891709623,24.18736651058532
4.1000000000000005,65.46375594402606,25.026892421192834
4.2,64.40859041711887,25.86492679298963
4.3,63.222509281674405,26.69507687436457
4.4,61.915352690310556,27.510656452520966
4.5,60.49862893125633,28.30482142238427
4.6000000000000005,58.985258455540574,29.07071967738806
4.7,57.389268009334984,29.801648789998993
4.800000000000001,55.72544933472061,30.491214085722905
4.9,54.00899921861213,31.133479433789645
5.0,52.2551585933262,31.723103430971307
5.1000000000000005,50.47886784565987,32.25545461305728
5.2,48.69445358110351,32.72670078676873
5.300000000000001,46.91535908464654,33.1338693699303
5.4,45.15392700110932,33.4748775637135
5.5,43.42123875627173,33.74853305972841
5.6000000000000005,41.72701136865517,33.954507634375254
5.7,40.079548902954606,34.093287277112225
5.800000000000001,38.48574312634831,34.166103368703546
5.9,36.95111606672728,34.174849857246315
6.0,35.47989614560132,34.12199140913236
6.1000000000000005,34.0751192884904,34.010467208730425
6.2,32.73874676414342,33.843594532868636
6.300000000000001,31.47179230505248,33.62497552680647
6.4,30.274452147528635,33.358409842806395
6.5,29.146232849154845,33.04781504153351
6.6000000000000005,28.086072972161084,32.6971559530358
6.7,27.092455873415897,32.31038358217771
6.800000000000001,26.16351185754021,31.891383640703314
6.9,25.297108799155264,31.443934398767453
7.0,24.49093101539963,30.971673267200167
7.1000000000000005,23.742546678139306,30.478071336078962
7.2,23.049464414186367,29.96641499018079
7.300000000000001,22.409179973925777,29.439793681361284
7.4,21.819213978198555,28.90109294625283
7.5,21.277141803411666,28.352991800878282
7.6000000000000005,20.78061665659073,27.79796370995448
7.7,20.327386843307753,27.23828040819266
7.800000000000001,19.915308156630424,26.676017936361276
7.9,19.542352225797234,26.11306434078863
8.0,19.206611567723424,25.55112856753632
8.1,18.90630198877185,24.99175015920344
8.200000000000001,18.639762892603418,24.436309431806954
8.3,18.405455964940415,23.886037870788144
8.4,18.201962629161326,23.342028538839855
8.5,18.027980598383017,22.80524633423455
8.6,17.882319790075528,22.276537977196977
8.700000000000001,17.763897817909392,21.756641634279035
8.8,17.671735231833868,21.246196117386337
8.9,17.60495064058027,20.74574961580843
9.0,17.56275582008478,20.25576793701936
9.1,17.544450885942602,19.776642245792132
9.200000000000001,17.54941958719305,19.308696301896553
9.3,17.577124761805212,18.85219320484473
9.4,17.627103980567817,18.40734166026441
9.5,17.698965395138476,17.97430178690668
9.600000000000001,17.79238379730112,17.553190486361878
9.700000000000001,17.907096889606713,17.14408639954365
9.8,18.042901762182776,16.747034475137845
9.9,18.19965156629714,16.36205017569173
10.0,18.377252372003294,15.989123346996834
10.100000000000001,18.575660194672608,15.628221776023215
10.200000000000001,18.794878173261033,15.279294461997303
10.3,19.034953881623295,14.94227462436201
10.4,19.295976752958918,14.617082470382305
10.5,19.578075596455914,14.303627744113141
10.600000000000001,19.88141618431046,14.001812077369848
10.700000000000001,20.206198886479502,13.711531162264441
10.8,20.552656329714708,13.43267676381804
10.9,20.921051056586386,13.165138590146945
11.0,21.311673159298564,12.908806036760078
11.100000000000001,21.72483786209139,12.663569820606941
11.200000000000001,22.160883024899185,12.42932351868309
11.3,22.62016653966132,12.205965025237074
11.4,23.103063589251626,11.993397940929492
11.5,23.60996373738655,11.791532906669769
11.600000000000001,24.141267816082706,11.600288894296996
11.700000000000001,24.69738457525356,11.419594465773036
11.8,25.27872705685988,11.249389012113529
11.9,25.88570865365981,11.089623982887929
12.0,26.518738810049033,10.940264116764194
12.100000000000001,27.17821831975107,10.801288683245946
12.200000000000001,27.864534172234233,10.67269274543624
12.3,28.57805389672432,10.554488453345787
12.4,29.319119349595063,10.44670637692432
12.5,30.088039887809217,10.349396887606954
12.600000000000001,30.88508486803063,10.26263159670266
12.700000000000001,31.7104754081328,10.186504858372663
12.8,32.56437534522385,10.121135344207588
12.9,33.446881322158056,10.066667695459358
13.0,34.35801193302071,10.023274257751016
13.100000000000001,35.297695857518804,9.99115690149525
13.200000000000001,36.265758914910485,9.970548929204817
13.3,37.2619099704616,9.961717068260924
13.4,38.285725631914865,9.964963544383165
13.5,39.336633680686354,9.980628226856833
13.600000000000001,40.41389519317032,10.009090831333175
13.700000000000001,41.516585322474754,10.050773159509264
13.8,42.64357273111107,10.1061413469694
13.9,43.79349769176257,10.175708080651582
14.0,44.964748907565316,10.260034735484112
14.100000000000001,46.155439146821344,10.359733365389275
14.200000000000001,47.36337984134788,10.475468466731092
14.3,48.58605486448675,10.607958412054407
14.4,49.82059378595461,10.757976428315326
14.5,51.06374499797601,10.926350966498957
14.600000000000001,52.31184922210652,11.113965278440746
14.700000000000001,53.56081404005371,11.321755981886742
14.8,54.806090245234515,11.550710356705583
14.9,56.04265098436704,11.801862074465662
15.0,57.26497484823486,12.076285021628468
15.100000000000001,58.46703427402504,12.375084835416853
15.200000000000001,59.6422908318116,12.699387733936252
15.3,60.783699174929055,13.050326192402249
15.4,61.88372162411789,13.429021000684969
15.5,62.934355509568746,13.83655924055219
15.600000000000001,63.927175489193154,14.273967752139427
15.700000000000001,64.85339306606907,14.742181727735087
15.8,65.70393540867614,15.242008187251626
15.9,66.46954529651457,15.774084264185188
16.0,67.14090353260869,16.338830472797234
16.1,67.7087744484013,16.93639944327047
16.2,68.1641741502168,17.566621003340977
16.3,68.49855991114471,18.22894494651395
16.400000000000002,68.7040376143818,18.92238334232721
16.5,68.77358245391794,19.645454784485583
16.6,68.70126628669676,20.396133495164246
16.7,68.48248324173088,21.17180665154557
16.8,68.11416360222846,21.969243605635796
16.900000000000002,67.59496479353602,22.78458075708244
17.0,66.92542775042655,23.61332564122034
17.1,66.10808720174158,24.450383256608976
17.2,65.14752564522264,25.290106752373866
17.3,64.05036304780143,26.126373341237965
17.400000000000002,62.82517753480996,26.952684763986955
17.5,61.48235632928203,27.762289920516995
17.6,60.0338806452162,28.548325559442734
17.7,58.4930527042784,29.303969365545964
17.8,56.87417706756354,30.0225985852177
17.900000000000002,55.192211609766865,30.697946638986377
18.0,53.46240536236684,31.324250086650043
18.1,51.69994091470805,31.89637886030776
18.2,49.919598067851084,32.40994380995737
18.3,48.13545314710471,32.86137718987791
18.400000000000002,46.360625105621025,33.24798357502658
18.5,44.60707569738445,33.56796063539366
18.6,42.88546699504195,33.820391020001416
18.7,41.20507577243639,34.00520815144321
18.8,39.57376107524142,34.12313989761622
18.900000000000002,37.99797886556752,34.175634818361054
19.0,36.482836030099236,34.16477598457211
19.1,35.03217526411103,34.09318728368655
19.200000000000003,33.64868228441548,33.96393673550118
19.3,32.33400733314609,33.78044073717558
19.400000000000002,31.088893842236473,33.54637242751326
19.5,29.91330827125501,33.265576589697
19.6,28.806566365986185,32.94199276399017
19.700000000000003,27.767452299337542,32.57958756431618
19.8,26.794328270353287,32.18229661379162
19.900000000000002,25.885233102851558,31.753976047219076
20.0,25.037969180042353,31.298363173960386
20.1,24.250177672912294,30.81904564458929
20.200000000000003,23.5194024794059,30.319438306053076
20.3,22.843143607999437,29.80276684702901
20.400000000000002,22.21890093656695,29.272057311578724
20.5,21.644209379595576,28.730130579892148
20.6,21.116666526508126,28.17960096649335
20.700000000000003,20.633953791124508,27.622878157574092
20.8,20.193852053948554,27.062171791213544
20.900000000000002,19.794252698506735,26.499498070347677
21.0,19.433164850800598,25.93668788355141
21.1,19.108719534759473,25.37539598963411
21.200000000000003,18.819171361816235,24.817110896618054
21.3,18.562898282973844,24.263165132721987
21.400000000000002,18.338399849170145,23.71474566606815
21.5,18.144294351515473,23.172904281028476
21.6,17.979315147449515,22.638567762811984
21.700000000000003,17.842306421899938,22.11254777866072
21.8,17.732218583651367,21.59555037456178
21.900000000000002,17.648103455678108,21.08818503143267
22.0,17.589109383389776,20.590973245021807
22.1,17.55447635578966,20.104356609973046
22.200000000000003,17.54353121067407,19.628704401263274
22.3,17.555682975476735,19.16432065610183
22.400000000000002,17.590418379518898,18.711450766877668
22.5,17.647297560667333,18.27028760128752
22.6,17.725949979204856,17.840977169745454
22.700000000000003,17.82607054362729,17.423623862874962
22.8,17.947415946707302,17.01829528358161
22.900000000000002,18.089801205178286,16.6250266991158
23.0,18.253096392511186,16.24382513884154
23.1,18.437223551250458,15.874673163275412
23.200000000000003,18.64215376904703,15.51753232946961
23.3,18.867904400715204,15.172346377080416
23.400000000000002,19.114536417213177,14.839044158565422
23.5,19.382151861293657,14.517542335950134
23.6,19.67089138860131,14.207747865544908
23.700000000000003,19.980931872133414,13.909560290913499
23.8,20.312484047168105,13.622873863322996
23.900000000000002,20.66579017295041,13.3475795078628
24.0,21.041121686569063,13.083566652423086
24.1,21.438776823521952,12.830724935781824
24.200000000000003,21.859078178426945,12.58894581017128
24.3,22.302370178164217,12.358124052884238
24.400000000000002,22.769016438416372,12.13815920073905
24.5,23.259396973087917,11.928956920550917
24.6,23.773905224423434,11.73043032815277
24.700000000000003,24.312944879794827,11.542501267969573
24.8,24.87692643908633,11.36510156466978
24.900000000000002,25.4662634943698,11.198174257991164
25.0,26.081368681134695,11.041674831456938
25.1,26.722649257724918,10.895572445352606
25.200000000000003,27.390502266853986,10.759851184012243
25.3,28.085309230143412,10.634511327150303
25.400000000000002,28.807430323591806,10.519570654654007
25.5,29.55719797878083,10.415065793900132
25.6,30.334909851523584,10.321053618252312
25.700000000000003,31.140821096645446,10.237612704898636
25.8,31.975135884767823,10.16484485956513
25.900000000000002,32.83799809448261,10.102876714841127
26.0,33.72948111133941,10.051861407819546
26.1,34.649576663844606,10.011980341418829
26.200000000000003,35.59818262647201,9.983445032029296
26.3,36.575089720857456,9.966499043913759
26.400000000000002,37.57996704931952,9.961420007969657
26.5,38.612346400133866,9.96852171888464
26.6,39.671605272213554,9.988156300221219
26.700000000000003,40.75694857875775,10.02071642135281
26.8,41.867389005908535,10.066637543217325
26.900000000000002,43.00172602453277,10.126400161298685
27.0,44.15852358211555,10.200532003803984
27.1,45.336086538772435,10.289610130360078
27.200000000000003,46.532435958078715,10.3942628613732
27.3,47.74528342143716,10.51517145013576
27.400000000000002,48.97200460582656,10.653071388494
27.5,50.20961245079403,10.808753212117615
27.6,51.4547303432068,10.983062642929896
27.700000000000003,52.70356586907307,11.176899873997392
27.8,53.95188582174052,11.391217766294195
27.900000000000002,55.1949933153107,11.62701868772045
28.0,56.42770803036714,11.885349683487602
28.1,57.64435081369006,12.16729562500419
28.200000000000003,58.83873405990545,12.473969944002839
28.3,60.0041595134931,12.806502523107806
28.400000000000002,61.13342533313497,13.166024287781866
28.5,62.218844441540575,13.553648033368404
28.6,63.252276322160526,13.970445031943923
28.700000000000003,64.22517449373788,14.41741700550561
28.8,65.12865186329913,14.89546313440806
28.900000000000002,65.95356599231546,15.40534190337876
29.0,66.69062597107467,15.947627782123215
29.1,67.33052204499538,16.52266300216759
29.200000000000003,67.86407834110105,17.130505031474158
29.3,68.28242798211875,17.770870763078147
29.400000000000002,68.57720854797618,18.443078914739967
29.5,68.74077427602003,19.14599266354526
29.6,68.76641964431981,19.87796507943247
29.700000000000003,68.64860716134625,20.63679042740375
29.8,68.38319043842841,21.419664818901047
29.900000000000002,67.96762213605696,22.22315993793946
30.0,67.40113536425433,23.04321357358017
30.1,66.68488679651276,23.875140390832016
30.200000000000003,65.82205031326642,24.713665720385357
30.3,64.81785154684911,25.552984129863667
30.400000000000002,63.67953627798765,26.38684318586538
30.5,62.41626913085682,27.208651207823085
30.6,61.03896319131463,28.011606081562974
30.700000000000003,59.56004567156349,28.788840510473616
30.8,57.993169121550224,29.533577621424136
30.900000000000002,56.35288147624517,30.23928978823922
31.0,54.654271007544885,30.89985302745116
31.1,52.91260371163108,31.509689437033835
31.200000000000003,51.14297066154163,32.06389088977554
31.3,49.359961429393934,32.55831848113862
31.400000000000002,47.57737704597023,32.98967392270881
31.5,45.80799246369671,33.35554097945876
31.6,44.063374542390164,33.65439697134249
31.700000000000003,42.35375761235154,33.88559611244248
31.8,40.687975060489634,34.0493278989176
31.900000000000002,39.07344241077173,34.14655478925602
32.0,37.51618519299509,34.178934013472976
32.1,36.02090356107115,34.14872852066186
32.2,34.591065083695604,34.0587118853447
32.300000000000004,33.22901726669373,33.91207152558682
32.4,31.93611201869712,33.712313932431435
32.5,30.712835270328732,33.46317486012776
32.6,29.558936142755545,33.168536656820336
32.7,28.473551300307363,32.83235418551876
32.800000000000004,27.45532131171389,32.45859013624544
32.9,26.50249691603881,32.05115998571853
33.0,25.613034002891382,31.61388642952736
33.1,24.78467685646922,31.150462791121633
33.2,24.015029781865113,30.664424692145513
33.300000000000004,23.301617644219267,30.159129135438576
33.4,22.641936127864646,29.637740089341204
33.5,22.033492687523022,29.103219653801542
33.6,21.47383924071457,28.558323920496143
33.7,20.96059766179702,28.00560269803323
33.800000000000004,20.491479102504357,27.447402348841816
33.9,20.064298097274893,26.885871068337153
34.0,19.676982326544604,26.322966023223497
34.1,19.32757881704762,25.760461849954606
34.2,19.01425726194421,25.199960093489253
34.300000000000004,18.73531105009039,24.64289923877674
34.4,18.48915650608514,24.090565051985514
34.5,18.274330762700874,23.54410100508285
34.6,18.089488615787335,23.00451860616231
34.7,17.93339864893017,22.47270749936201
34.800000000000004,17.804938860780787,21.949445232952186
34.9,17.703091981504695,21.435406622910023
35.0,17.62694062551079,20.93117266277845
35.1,17.575662394741165,20.437238949540248
35.2,17.548525019525524,19.95402361030005
35.300000000000004,17.54488160157175,19.48187472636629
35.4,17.564166005362477,19.021077260407104
35.5,17.605888429412143,18.571859499196837
35.6,17.669631176936456,18.134399029484303
35.7,17.755044635994974,17.708828268053107
35.800000000000004,17.861843471654282,17.295239569404025
35.9,17.9898030268134,16.893689935918612
36.0,18.13875592372068,16.50420535606727
36.1,18.308588854628272,16.12678479637322
36.2,18.499239547255506,15.761403872574308
36.300000000000004,18.71069388858238,15.408018224848973
36.4,18.942983188816907,15.066566621180787
36.5,19.196181566049543,14.736973811999283
36.6,19.470403431021154,14.419153158209657
36.7,19.765801050502844,14.113009053654418
36.800000000000004,20.082562166946808,13.818439161970316
36.9,20.420907651259586,13.535336486739567
37.0,20.781089164725632,13.263591292804934
37.1,21.163386805230704,13.003092895637518
37.2,21.56810671196917,12.753731334723957
37.300000000000004,21.99557860173983,12.515398946082339
37.4,22.446153208719455,12.287991848227202
37.5,22.920199598233175,12.071411355184692
37.6,23.41810232350173,11.865565329508712
37.7,23.940258392625644,11.670369487665559
37.800000000000004,24.487074011157418,11.485748669634145
37.9,25.058961063510257,11.311638084106468
38.0,25.656333294154894,11.147984540261445
38.1,26.279602147069106,10.99474767671645
38.2,26.9291722192375,10.851901197924144
38.300000000000004,27.605436281169684,10.719434127965078
38.400000000000006,28.308769814439373,10.597352091373352
38.5,29.03952501318373,10.485678630304633
38.6,29.798024193393328,10.384456566990002
38.7,30.584552550738916,10.293749419987323
38.800000000000004,31.399350204714032,10.213642882210062
38.900000000000006,32.24260346414144,10.144246368039795
39.0,33.114435246749686,10.085694635962692
39.1,34.01489458376637,10.03814949205032
39.2,34.9439451395395,10.001801578157103
39.300000000000004,35.90145267638848,9.976872246841259
39.400000000000006,36.88717139657222,9.963615522625906
39.5,37.90072909689751,9.962320146175022
39.6,38.941611077625005,9.97331169411415
39.7,40.00914275662429,9.996954762401698
39.800000000000004,41.102470952969576,10.033655195148102
39.900000000000006,42.22054382228251,10.083862333351485
40.0,43.36208945019908,10.148071248903355
40.1,44.52559314160915,10.226824918119972
40.2,45.70927348319901,10.320716275652641
40.300000000000004,46.91105730688685,10.430390073584029
40.400000000000006,48.128553743677585,10.556544451485866
40.5,49.35902763306286,10.699932100873237
40.6,50.59937264414811,10.861360881571892
40.7,51.846084572882965,11.041693717846835
40.800000000000004,53.09523540650017,11.241847568715231
40.900000000000006,54.34244889240067,11.462791229925417
41.0,55.582878514276196,11.70554168522459
41.1,56.8111889619869,11.971158682851085
41.2,58.02154238057315,12.260737171416581
41.300000000000004,59.20759089233595,12.575397190069129
41.400000000000006,60.36247709561519,12.916270774660205
41.5,61.47884444231879,13.284485419407686
41.6,62.54885956641886,13.68114362845004
41.7,63.5642487553929,14.107298111360237
41.800000000000004,64.51635079839556,14.563922230124442
41.900000000000006,65.39618837611435,15.051875402342981
42.0,66.19455994106532,15.571863316975909
42.1,66.9021536349744,16.124393034754306
42.2,67.50968416511536,16.709723333259358
42.300000000000004,68.00805268431526,17.327811020405374
42.400000000000006,68.3885285739308,17.97825437689564
42.5,68.64295062155338,18.66023538617187
42.6,68.76394345218625,19.37246294565417
42.7,68.74514328811969,20.11311978814037
42.800000000000004,68.58142529694751,20.87981632530938
42.900000000000006,68.26912310056827,21.669554991971182
43.0,67.8062296578669,22.47870884764319
43.1,67.19256791676605,23.303018108720554
43.2,66.42991956783376,24.137607878322093
43.300000000000004,65.5221010923793,24.97702957404095
43.400000000000006,64.47497817753417,25.815327425275054
43.5,63.29641245450363,26.646129967372083
43.6,61.996138258411484,27.462764796329427
43.7,60.58557142999924,28.258393108770882
43.800000000000004,59.077556690039295,29.02615891363634
43.900000000000006,57.48606435944099,29.759346450821074
44.0,55.82585071164521,30.45153845639502
44.1,54.11209863669244,31.09676759668346
44.2,52.3600563067892,31.689653709135694
44.300000000000004,50.58469107266577,32.225520412301364
44.400000000000006,48.80037398463834,32.700486079891846
44.5,47.020607382297804,33.11152595423585
44.6,45.257804308718505,33.456504107716135
44.7,43.523124508227596,33.73417584830314
44.800000000000004,41.826367877161246,33.94416283259785
44.900000000000006,40.175922802368504,34.08690446765736
45.0,38.578764085885744,34.16359007839697
45.1,37.04049324165157,34.176076774512
45.2,35.56541287570837,34.12679800242952
45.300000000000004,34.15662654990772,34.01866748182643
45.400000000000006,32.816155845442495,33.85498269044427
45.5,31.54506712155832,33.6393313680448
45.6,30.343601538144714,33.375503746553505
45.7,29.211303126249998,33.06741245061947
45.800000000000004,28.14714092346403,32.71902130480466
45.900000000000006,27.149622349840413,32.33428366565668
46.0,26.216896025019928,31.917090387508622
46.1,25.346843087007613,31.471227134859237
46.2,24.53715675844653,31.000340466500354
46.300000000000004,23.785410424010713,30.507911925579513
46.400000000000006,23.089114849702042,29.997239260443923
46.5,22.44576541377514,29.471423857207306
46.6,21.852880353888537,28.93336347083388
46.7,21.308031089299046,28.385749383023533
46.800000000000004,20.80886567159706,27.831067180286553
46.900000000000006,20.35312637066477,27.271600424564273
47.0,19.93866232895038,26.70943657402956
47.1,19.56343812831605,26.14647459770714
47.2,19.22553901829201,25.584433810387445
47.300000000000004,18.923173458770236,25.024863531430977
47.400000000000006,18.65467353822576,24.469153241000114
47.5,18.418493743128554,23.918542969334332
47.6,18.21320847679189,23.374133708796876
47.7,18.03750865712218,22.836897684847678
47.800000000000004,17.890197662618554,22.307688361366083
47.900000000000006,17.77018684415022,21.787250088523578
48.0,17.676490775904263,21.27622732841773
48.1,17.608222381704824,20.77517341565728
48.2,17.564588041864642,20.28455882773878
48.300000000000004,17.544882760053053,19.804778954031043
48.400000000000006,17.548485448600843,19.33616136307562
48.5,17.57485437351983,18.878972576243164
48.6,17.62352278667126,18.43342436201346
48.7,17.694094761421244,17.999679569663904
48.800000000000004,17.786241239294057,17.577857524290696
48.900000000000006,17.899696288161866,17.168039007130698
49.0,18.034253567040565,16.770270846333148
49.1,18.189762988297915,16.38457014384372
49.2,18.36612756477243,16.01092816406708
49.300000000000004,18.563300426740717,15.649313909597678
49.400000000000006,18.78128199168403,15.29967740865639
49.5,19.020117268248555,14.961952738026397
49.6,19.279893274550034,14.636060804311793
49.7,19.560736549944615,14.321911905299137
49.800000000000004,19.862810738494545,14.019408092126275
49.900000000000006,20.186314221533596,13.7284453518853
50.0,20.531477775929094,13.448915629231434
50.1,20.8985622338006,13.180708704554089
50.2,21.28785611855279,12.923713945303172
50.300000000000004,21.699673231081526,12.677821946161318
50.400000000000006,22.134350158892286,12.442926072916524
50.5,22.592243679607872,12.218923924122512
50.6,23.07372802892084,12.00571872393667
50.7,23.579192001451265,11.803220658896457
50.800000000000004,24.109035851192004,11.611348170832013
50.900000000000006,24.663667956254237,11.430029217611173
51.0,25.243501210462455,11.25920251296735
51.1,25.84894910199077,11.09881875626367
51.2,26.48042143668765,10.948841862689155
51.300000000000004,27.13831966101592,10.809250204053743
51.400000000000006,27.823031736659395,10.680037870034747
51.5,28.534926515846635,10.561215959411836
51.6,29.274347563358315,10.452813910490399
51.7,30.041606368075023,10.35488087952995
51.800000000000004,30.836974883863782,10.267487175535136
51.900000000000006,31.660677336694043,10.190725759195438
52.0,32.512881232246905,10.124713813031736
52.1,33.39368749609902,10.069594388869351
52.2,34.303119677032996,10.025538137543137
52.300000000000004,35.24111214340817,9.992745124171616
52.400000000000006,36.20749720314134,9.971446730319606
52.5,37.20199108009125,9.961907641788999
52.6,38.22417868399564,9.964427917501027
52.7,39.27349711815784,9.979345130801843
52.800000000000004,40.349217879520204,10.007036569351262
52.900000000000006,41.45042772042345,10.047921473327493
53.0,42.576008161209195,10.102463283753409
53.1,43.72461366900958,10.171171863046304
53.2,44.89464855187964,10.254605638108302
53.300000000000004,46.08424266032578,10.353373602080207
53.400000000000006,47.291226041878666,10.468137093935805
53.5,48.51310276038525,10.59961125505752
53.6,49.74702417194939,10.748566038497634
53.7,50.98976204570894,10.915826619547053
53.800000000000004,52.23768203151192,11.102273025378384
53.900000000000006,53.486718109306494,11.30883876696215
54.0,54.73234880732994,11.536508218514108
54.1,55.9695761476407,11.786312449154794
54.2,57.19290846643629,12.05932316952615
54.300000000000004,58.39634845921879,12.356644414799877
54.400000000000006,59.57338801086902,12.679401547709993
54.5,60.717011578389645,13.028727134921583
54.6,61.81971008570181,13.405743232454485
54.7,62.87350744687642,13.81153961766155
54.800000000000004,63.87000193272005,14.247147534494363
54.900000000000006,64.80042460649102,14.713508584845771
55.0,65.65571694357767,15.211438511913354
55.1,66.42662947963177,15.741585792228484
55.2,67.10384286346758,16.304385190698447
55.300000000000004,67.67811198982365,16.90000674452287
55.400000000000006,68.14043292665882,17.528301029176042
55.5,68.48223112212669,18.188742017440877
55.6,68.69556789251958,18.880369355314137
55.7,68.77336050222493,19.601732418531853
55.800000000000004,68.70960933828376,20.350839038457057
55.900000000000006,68.49962388757466,21.125112240084743
56.0,68.14023761784652,21.92135865041425
56.1,67.63000065035901,22.73575233899514
56.2,66.96933850965395,23.56383767368171
56.300000000000004,66.16066544675854,24.40055425793936
56.400000000000006,65.20844200669542,25.24028613384667
56.5,64.11916871304295,26.07693620001806
56.6,62.901310917278956,26.90402526775403
56.7,61.565153820558706,27.714813474197534
56.800000000000004,60.12259110289679,28.50244004388003
56.900000000000006,58.586855071860356,29.260075821975338
57.0,56.97220030429293,29.98108177772803
57.1,55.29355595394508,30.659165951870513
57.2,53.56616387783204,31.288531200697932
57.300000000000004,51.80522028412796,31.86400660237148
57.400000000000006,50.02553769402679,32.38115648885349
57.5,48.24124179050387,32.836362628017426
57.6,46.46551450116594,33.22687693051131
57.7,44.710390830691814,33.55084399564071
57.800000000000004,42.98661295263781,33.807294645990744
57.900000000000006,41.30354129039945,33.996113169611014
58.0,39.66911908071105,34.11798217911373
58.1,38.0898844270531,34.17430975430656
58.2,36.57102220377742,34.16714385947196
58.300000000000004,35.11644734810492,34.099078963577256
58.400000000000006,33.72891097908506,33.97315941744715
58.5,32.41012126238141,33.792783547004746
58.6,31.160871828740646,33.56161169785143
58.7,29.9811716871152,33.283480696039256
58.800000000000004,28.870371806147897,32.962326439351784
58.900000000000006,27.827284755675358,32.602115650678925
59.0,26.850294921684576,32.20678723986852
59.1,25.937457783562,31.78020324660858
59.2,25.086587547696915,31.326108975783903
59.300000000000004,24.295333063019307,30.84810168085209
59.400000000000006,23.561242412438673,30.349606987116783
59.5,22.88181689855446,29.8338621596973
59.6,22.254555345714458,29.303905294319648
59.7,21.676989747648662,28.762569527507978
59.800000000000004,21.146713323319627,28.212481412836983
59.900000000000006,20.66140202351424,27.65606268029953
60.0,20.218830474062457,27.09553467750482
60.1,19.816883262101996,26.53292487744343
60.2,19.453562380098553,25.970074922916574
60.300000000000004,19.12699154622249,25.408649758987064
60.400000000000006,18.83541802471889,24.85014747979691
60.5,18.577212479782464,24.29590958361324
60.6,18.350867313420846,23.747131389535483
60.7,18.15499386304584,23.204872420954526
60.800000000000004,17.988318768486995,22.67006660497207
60.900000000000006,17.84967976066029,22.143532174145616
61.0,17.738021074787707,21.6259811878141
61.1,17.652388649188843,21.118028615614254
61.2,17.591925235488677,20.62020094634556
61.300000000000004,17.555865516810844,20.13294430177266
61.400000000000006,17.543531306373584,19.65663204790235
61.5,17.554326879142586,19.191571906308432
61.6,17.58773447315039,18.738012575703692
61.7,17.643309984165626,18.296149879610308
61.800000000000004,17.720678867059195,17.86613246003185
61.900000000000006,17.819532249010184,17.448067039797955
62.0,17.9396232532286,17.0420232780029
62.1,18.080763526810795,16.648038243911984
62.2,18.242819962404365,16.266120535047552
62.300000000000004,18.425711600306492,15.896254065038335
62.400000000000006,18.62940669525599,15.53840154634269
62.5,18.853919930341558,15.192507692235946
62.6,19.099309759002068,14.858502161561864
62.7,19.365675854927872,14.536302268750424
62.800000000000004,19.65315664869373,14.225815480546661
62.900000000000006,19.96192692908893,13.926941719815952
63.0,20.292195486296766,13.639575495718482
63.1,20.644202773262823,13.363607878501314
63.2,21.018218560737736,13.098928336156218
63.300000000000004,21.41453956055053,12.84542644924653
63.400000000000006,21.83348699063454,12.60299351932422
63.5,22.275404054165474,12.371524085543646
63.6,22.740653303860764,12.150917363333102
63.7,23.22961386101474,11.941078618309575
63.800000000000004,23.742678457192856,11.74192048801408
63.900000000000006,24.28025026467035,11.553364263501681
64.0,24.842739479670797,11.375341142336959
64.10000000000001,25.43055962023518,11.207793464116001
64.2,26.044123498135264,11.050675939252445
64.3,26.68383882164354,10.903956881417713
64.4,27.3501033832005,10.767619453702803
64.5,28.043299783101517,10.641662938256369
64.60000000000001,28.76378963729336,10.526104038833784
64.7,29.511907214271456,10.420978225343172
64.8,30.287952442965985,10.326341129070828
64.9,31.09218323048175,10.242269996778452
65.0,31.924807025721773,10.168865211249187
65.10000000000001,32.78597156241735,10.106251885071869
65.2,33.67575471308515,10.054581533435503
65.3,34.59415338415739,10.014033830390012
65.4,35.541071382262345,9.984818451330902
65.5,36.51630618271223,9.967177002284801
65.60000000000001,37.51953453410524,9.961385033790204
65.7,38.5502968380803,9.967754133641554
65.8,39.60798025129341,9.98663408832831
65.9,40.691800468353,10.01841509745973
66.0,41.80078216063019,10.063530018596476
66.10000000000001,42.93373806757324,10.122456611457089
66.2,44.08924676558522,10.195719740145297
66.3,45.26562917602004,10.283893479540001
66.4,46.460923919923516,10.387603056969859
66.5,47.67286168444823,10.507526542415281
66.60000000000001,48.89883883616376,10.644396179409569
66.7,50.135890601570075,10.798999224253143
66.8,51.380664236742234,10.972178132896078
66.9,52.62939272771573,11.164829902807243
67.0,53.87786970206264,11.377904341470082
67.10000000000001,55.12142639048812,11.612400994276143
67.2,56.354911654473035,11.869364423417112
67.3,57.57267628969907,12.149877487384096
67.4,58.76856302075041,12.45505223011492
67.5,59.935903813084536,12.786017952889553
67.60000000000001,61.06752633261806,13.143906015115206
67.7,62.155771566279114,13.52983089784063
67.8,63.192524758365906,13.944867073292635
67.9,64.16926189199017,14.390021263445165
68.0,65.07711392142393,14.866199750323133
68.10000000000001,65.90695080439795,15.374170530835876
68.2,66.64948705510928,15.914520299713304
68.3,67.29541000093889,16.487606504409964
68.4,67.83553114560043,17.09350505120515
68.5,68.26095999671473,17.73195465214801
68.60000000000001,68.5632984035462,18.402299279754526
68.7,68.73485189513393,19.103430721344274
68.8,68.76885277020956,19.83373376535544
68.9,68.65968786990337,20.591037061363437
69.0,68.4031222080585,21.372573113797436
69.10000000000001,67.99650812732455,22.174951126357463
69.2,67.43896860405475,22.994146436301204
69.3,66.7315429576661,23.82550999797482
69.4,65.8772837202779,24.66380074495768
69.5,64.88129491732333,25.503242663835707
69.60000000000001,63.750704528801364,26.3376070773866
69.7,62.49456734859661,27.160319038667232
69.8,61.12369860545805,27.964585007368367
69.9,59.6504432005824,28.743537282128997
70.0,58.088389814148904,29.490389182951986
70.10000000000001,56.45204296944826,30.19859389499604
70.2,54.75646899277367,30.861999341622255
70.3,53.01693335338938,31.47499153268726
70.4,51.24854695442893,32.032619539350115
70.5,49.46593760044804,32.53069650582579
70.60000000000001,47.68296029393145,32.96587278078079
70.7,45.91245655140626,33.335679150989485
70.8,44.166068997413845,33.63854008670611
70.9,42.454113519666876,33.87375867551219
71.0,40.78550762982828,34.04147638122226
71.10000000000001,39.16775065657448,34.142611822266545
71.2,37.606949170577785,34.17878338311725
71.3,36.10787965865913,34.152220668735865
71.4,34.674079881678466,34.06566964237595
71.5,33.3079604512797,33.92229583357008
71.60000000000001,32.01092878709305,33.72558935818309
71.7,30.783518598596224,33.479274745770034
71.8,29.62551921444036,33.18722779899278
71.9,28.536100320910673,32.85340097630137
72.0,27.51392886620386,32.481758134544144
72.10000000000001,26.557275967133453,32.07621891705964
72.2,25.66411257839986,31.640612634661046
72.3,24.83219343491593,31.178641159930304
72.4,24.059129356405915,30.69385012983127
72.5,23.342448424404026,30.189607613742368
72.60000000000001,22.679646825738075,29.669089337591906
72.7,22.06823032744539,29.135269543827548
72.8,21.505747429748478,28.590916596676553
72.9,20.989815258317254,28.03859249971369
73.0,20.518139223804102,27.48065556754883
73.10000000000001,20.088527411519973,26.919265577123014
73.2,19.698900579812967,26.356390810375412
73.3,19.347298551895495,25.793816484423076
73.4,19.03188368961549,25.233154144871264
73.5,18.750942043898334,24.67585167060719
73.60000000000001,18.502882688499998,24.123203603479062
73.7,18.28623566319559,23.576361573329688
73.8,18.099648880495476,23.036344638095432
73.9,17.941884286659167,22.504049400546958
74.0,17.811813512924367,21.980259798362717
74.10000000000001,17.70841320594912,21.465656493300994
74.2,17.63076018677527,20.960825809007027
74.3,17.578026554380674,20.46626818617689
74.4,17.549474822301136,19.982406139073372
74.5,17.5444531541033,19.50959170936619
74.60000000000001,17.562390744961615,19.048113422498385
74.7,17.60279338158676,18.59820275874395
74.8,17.66523920069223,18.160040156234682
74.9,17.749374656564058,17.733760566851927
75.0,17.85491070067897,17.31945858830136
75.10000000000001,17.9816191703243,16.91719319716724
75.2,18.129329378491626,16.526992108484578
75.3,18.297924893678392,16.148855787544704
75.4,18.4873404954145,15.782761139401774
75.5,18.697559289148174,15.428664900987474
75.60000000000001,18.92860996242362,15.086506759960065
75.7,19.180564162934985,14.756212223484027
75.8,19.453533977942364,14.437695259115376
75.9,19.747669493600245,14.130860728899798
76.0,20.063156411905922,13.835606636710832
76.10000000000001,20.400213702167267,13.551826207789489
76.2,20.759091263067837,13.279409818414734
76.3,21.14006757053311,13.01824679265037
76.4,21.54344728564218,12.768227082187975
76.5,21.969558795757308,12.529242844444253
76.60000000000001,22.418751660836673,12.301189933278037
76.7,22.891393935535522,12.083969315968785
76.80000000000001,23.38786933617202,11.877488429444124
76.9,23.90857421992517,11.68166248815674
77.0,24.453914341734645,11.496415755486959
77.10000000000001,25.02430135228127,11.321682790081619
77.2,25.620148998141534,11.157409678125507
77.30000000000001,26.24186898273346,11.00355526217058
77.4,26.889866444014583,10.860092376809876
77.5,27.56453500207215,10.727009101165121
77.60000000000001,28.26625132678744,10.60431003784416
77.7,28.99536917269713,10.49201762769774
77.80000000000001,29.752212825066863,10.390173509342409
77.9,30.537069898104008,10.298839931989283
78.0,31.350183423259583,10.218101229593643
78.10000000000001,32.19174316282029,10.148065363676475
78.2,33.06187608162182,10.088865541316048
78.30000000000001,33.96063590791416,10.040661913704719
78.4,34.88799171341771,10.003643359239977
78.5,35.84381544272261,9.978029353280792
78.60000000000001,36.827868323769266,9.964071924344712
78.7,37.83978609465353,9.962057693521771
78.80000000000001,38.87906298796854,9.972309990088867
78.9,39.945034422981074,9.99519103154774
79.0,41.036858368921905,10.03110415037773
79.10000000000001,42.153495360466074,10.080496042457295
79.2,43.293687170163196,10.143859003101277
79.30000000000001,44.455934173383994,10.22173310568953
79.4,45.6384714806777,10.314708264606233
79.5,46.83924396184389,10.423426108329695
79.60000000000001,48.0558803472044,10.54858156966729
79.7,49.28566666629881,10.690924077994648
79.80000000000001,50.525519374316396,10.851258212658003
79.9,51.771958623711754,11.030443647255131
80.0,53.02108226404891,11.22939418130443
80.10000000000001,54.268541298088394,11.44907561906652
80.2,55.50951768655271,11.690502215571993
80.30000000000001,56.738705576717024,11.954731368289282
80.4,57.95029722806026,12.242856191038246
80.5,59.13797511639583,12.555995567242672
80.60000000000001,60.29491190783337,12.89528124596271
80.7,61.413780193441795,13.261841521108568
80.80000000000001,62.48677404789034,13.656781027923973
80.9,63.50564459881408,14.081156208791858
81.0,64.46175184095168,14.535946051574362
81.10000000000001,65.34613486783296,15.022017798057604
81.2,66.14960248741838,15.540087468123193
81.30000000000001,66.86284579808509,16.090675257005483
81.4,67.47657369072822,16.67405614643858
81.5,67.98167138118579,17.29020642972762
81.60000000000001,68.3693809478021,17.93874728350227
81.7,68.63150145627891,18.618887013770223
81.80000000000001,68.76060463265183,19.329364137855045
81.9,68.75026026778455,20.068394000195084
82.0,68.59526371880601,20.83362210783193
82.10000000000001,68.29185617343195,21.62208774699734
82.2,67.83792695761971,22.430201633421383
82.30000000000001,67.23318631166882,23.253741283069775
82.4,66.4792969463109,24.087867404356174
82.5,65.5799534926409,24.92716386788328
82.60000000000001,64.54090077801867,25.765702701903997
82.7,63.369884686862285,26.597134133805024
82.80000000000001,62.076533063046206,27.41480004383144
82.9,60.672168408027765,28.21186745804415
83.0,59.169558640606155,28.981477058004923
83.10000000000001,57.5826164554302,29.7169003114198
83.2,55.92606138619053,30.4116979013172
83.30000000000001,54.215061147609674,31.059871777380884
83.4,52.46486992715346,31.65600343100559
83.5,50.69048092328707,32.19537188600211
83.60000000000001,48.90630866751117,32.67404630336177
83.7,47.1259137739433,33.088949863423075
83.80000000000001,45.361779104208885,33.43789351863362
83.9,43.62514234484663,33.71958010557445
84.0,41.92588608785486,33.93358098941308
84.10000000000001,40.27248303539665,34.08028875517149
84.2,38.671991167216156,34.160850381773685
84.30000000000001,37.13009174644294,34.17708581752128
84.4,35.65116191662578,34.13139694966531
84.5,34.23837328944304,34.026671692479425
84.60000000000001,32.893808206025646,33.86618739466308
84.7,31.618586111163467,33.6535170808269
84.80000000000001,30.412993540023013,33.39244128005248
84.9,29.27661242770271,33.08686742995279
85.0,28.208442686699275,32.740758132228436
85.10000000000001,27.2070161624558,32.358068911741064
85.2,26.270500111221445,31.94269561501711
85.30000000000001,25.39678921449745,31.498431181433016
85.4,24.58358584002729,31.028931226492315
85.5,23.82846878662028,30.53768768028361
85.60000000000001,23.128951125610378,30.028009610470384
85.7,22.482527997632538,29.503010311822898
85.80000000000001,21.886715363781388,28.965599747614345
85.9,21.3390807686068,28.418481467935045
86.0,20.83726717008044,27.86415319397554
86.10000000000001,20.379010846871484,27.304910335706133
86.2,19.9621543209182,26.742851795457213
86.30000000000001,19.58465514508395,26.179887495991558
86.4,19.24459131045658,25.617747154764622
86.5,18.940163931937946,25.057989903581433
86.60000000000001,18.669697778508173,24.502014423250646
86.7,18.431640128685586,23.951069325389756
86.80000000000001,18.22455835378619,23.40626356811569
86.9,18.047136562287182,22.868576739225116
87.0,17.898171577975226,22.338869080144956
87.10000000000001,17.776568472262625,21.817891157075596
87.2,17.68133582648274,21.306293113082077
87.30000000000001,17.61158086239408,20.80463345714584
87.4,17.566504547739413,20.313387364078334
87.5,17.545396757732515,19.832954473374617
87.60000000000001,17.54763155202749,19.36366618614479
87.7,17.572662609368393,18.905792467731448
87.80000000000001,17.620018848093302,18.459548169962503
87.9,17.689300249422153,18.025098891597445
88.0,17.780173891507598,17.60256639873811
88.10000000000001,17.892370195156285,17.192033629076665
88.2,18.025679376578537,16.79354930508034
88.30000000000001,18.179948098196846,16.407132181760478
88.4,18.355076305185243,16.032774954703644
88.5,18.551014232811717,15.670447853685486
88.60000000000001,18.767759567639132,15.320101946549782
88.7,19.005354744061727,14.981672177200236
88.80000000000001,19.26388435639482,14.655080160588636
88.9,19.54347266569616,14.340236756542776
89.0,19.844281179598088,14.037044443202646
89.10000000000001,20.16650628260331,13.74539950975531
89.2,20.51037689348962,13.465194087101931
89.30000000000001,20.87615212563474,13.196318034072128
89.4,21.264118925174834,12.938660695834303
89.5,21.674589660918176,12.692112550244357
89.60000000000001,22.10789963882331,12.456566757035024
89.7,22.564404512597967,12.231920623976736
89.80000000000001,23.04447756056326,12.018077003439352
89.9,23.54850679734342,11.814945632151089
90.0,24.07689188717423,11.622444426384087
90.10000000000001,24.63004082366515,11.440500744290935
90.2,25.208366338698276,11.269052626667662
90.30000000000001,25.812282000801225,11.108050027018939
90.4,26.442197960797234,10.957456041441612
90.5,27.098516299825334,10.817248148512315
90.60000000000001,27.78162593195661,10.68741946905028
90.7,28.491897010637924,10.567980055311553
90.80000000000001,29.22967478511411,10.458958218835503
90.9,29.9952728498695,10.360401905784846
91.0,30.788965727065555,10.272380128166708
91.10000000000001,31.610980719031556,10.194984458758697
91.2,32.46148896521752,10.128330596846588
91.30000000000001,33.34059563580438,10.072560010956016
91.4,34.24832919259145,10.027841663564821
91.5,35.18462964710084,9.994373821237726
91.60000000000001,36.149335746370596,9.972385951637014
91.7,37.142171019043516,9.962140706320078
91.80000000000001,38.1627286185729,9.963935985003856
91.9,39.210454907236596,9.97810707290034
92.0,40.284631734867794,10.005028837622874
92.10000000000001,41.38435738059651,10.045117965816916
92.2,42.50852614541522,10.098835211838209
92.30000000000001,43.65580660915866,10.166687621211347
92.4,44.824618598807625,10.24923067994953
92.5,46.013108957341025,10.347070326774412
92.60000000000001,47.219126255273316,10.460864748502132
92.7,48.440194652252494,10.59132585901808
92.80000000000001,49.673487195453774,10.739220339035832
92.9,50.915798936764816,10.905370086974932
93.0,52.16352036354746,11.090651900661522
93.10000000000001,53.41261176936683,11.295996175202099
93.2,54.6585793421879,11.522384364624058
93.30000000000001,55.8964539178918,11.770844914426737
93.4,57.120773534909006,12.042447330283588
93.5,58.32557112771841,12.338294006718016
93.60000000000001,59.50436890675664,12.659509401465746
93.7,60.650181180458,13.00722611033875
93.80000000000001,61.755527568192285,13.382567378885561
93.9,62.812458712531814,13.786625587561758
94.0,63.81259670205194,14.220436274477715
94.10000000000001,64.74719243283981,14.684947323380232
94.2,65.60720203419878,15.180983054588703
94.30000000000001,66.38338422424172,15.709203123609715
94.4,67.06642000566856,16.270056365653446
94.5,67.6470554254969,16.863730031291844
94.60000000000001,68.11626717795342,17.49009524139162
94.7,68.46544961605548,18.14864994338449
94.80000000000001,68.68662026768517,18.83846116115
94.9,68.77263927192512,19.558108870137975
95.0,68.7174363467378,20.305634356670563
95.10000000000001,68.51623709920673,21.078496380383275
95.2,68.1657788661086,21.873538784511595
95.30000000000001,67.6645050296882,22.686973316914926
95.4,67.01272610903335,23.514381264480534
95.5,66.21273608506623,24.350737008030247
95.60000000000001,65.26887353172448,25.190455744445725
95.7,64.18751926702214,26.027466407533442
95.80000000000001,62.97702535880546,26.8553093078551
95.9,61.647574241017104,27.667256313841182
96.0,60.210971106732686,28.456449665535793
96.10000000000001,58.68037723124147,29.21605392954487
96.2,57.069995977529274,29.93941435374611
96.30000000000001,55.394726498226426,30.62021412244488
96.4,53.66980220796682,31.252622854055403
96.5,51.910431737686245,31.831429159237594
96.60000000000001,50.13145925619209,32.352151143279656
96.7,48.34705889537763,32.811120274621985
96.80000000000001,46.57047483892677,33.20553587976627
96.9,44.81381482657454,33.53348946478371
97.0,43.08790081883992,33.79395991022346
97.10000000000001,41.402176763897316,33.98678217482314
97.2,39.764670132628304,34.11259335852577
97.30000000000001,38.182001353711726,34.172760758794944
97.4,36.65943358373478,34.16929690351399
97.5,35.200954376859436,34.10476650202723
97.60000000000001,33.80938068121121,33.982189897659175
97.7,32.486479039259095,33.80494702061293
97.80000000000001,31.233093738894564,33.576685121536656
97.9,30.049276784834866,33.30123279636374
98.0,28.934414790315284,32.9825220597905
98.10000000000001,27.887349110458334,32.62451953699785
98.2,26.906486667885112,32.231167251702715
98.30000000000001,25.98989990612582,31.806333008040227
98.4,25.13541512198041,31.353769996115535
98.5,24.34068906962682,30.877084989241894
98.60000000000001,23.60327420687179,30.37971433216108
98.7,22.920673286264243,29.864906828371158
98.80000000000001,22.290384203984477,29.335712604866995
98.9,21.709936131648202,28.79497704877095
99.0,21.176917993361585,28.245338958873276
99.10000000000001,20.689000332917846,27.68923212456429
99.2,20.243951561140396,27.12888962584529
99.30000000000001,19.83964949494139,26.56635023402483
99.4,19.474089008438206,26.003466378217055
99.5,19.145386520447545,25.441913224334364
99.60000000000001,18.851781947525602,24.883198488667993
99.7,18.59163866123474,24.328672676129898
99.80000000000001,18.363441904825585,23.77953949327529
99.9,18.16579604926987,23.2368662383452
100.0,17.9974210020166,22.701594015118744
100.10000000000001,17.857148023883244,22.174547654916722
100.2,17.743915159691177,21.656445262339513
100.30000000000001,17.65676244595787,21.147907325985194
100.4,17.59482702340566,20.649465356207482
100.5,17.55733825244395,20.161570028629964
100.60000000000001,17.543612905346425,19.684598825271653
100.7,17.553050488840668,19.218863175333247
100.80000000000001,17.58512873457979,18.764615105449653
100.9,17.63939928186957,18.322053414972682
101.0,17.715483566548187,17.891329395985114
101.10000000000001,17.813068921596244,17.472552120583813
101.2,17.93190488849584,17.065793319773373
101.30000000000001,18.071799733221123,16.671091879306452
101.4,18.232617156744126,16.28845797817693
101.5,18.41427318684008,15.9178768953678
101.60000000000001,18.616733235576643,15.559312510000336
101.7,18.84000930500655,15.212710519322819
101.80000000000001,19.084157322116585,14.878001398095297
101.9,19.34927458290503,14.555103121933882
102.0,19.635497284472482,14.243923676123039
102.10000000000001,19.94299812314099,13.944363370325373
102.2,20.271983935801416,13.656316978544764
102.30000000000001,20.622693360877577,13.379675722652122
102.4,20.995394494445286,13.114329116779887
102.5,21.390382516120248,12.860166688942922
102.60000000000001,21.80797725830161,12.617079595357515
102.7,22.248520691203638,12.38496214211137
102.80000000000001,22.71237429480697,12.163713228088062
102.9,23.199916287396302,11.953237722369492
103.0,23.711538678710927,11.753447788728018
103.10000000000001,24.247644113907956,11.56426416927289
103.2,24.808642472519594,11.385617438828836
103.30000000000001,25.394947184372633,11.21744924119207
103.4,26.006971222032668,11.05971351802286
103.5,26.645122726744706,10.912377740784645
103.60000000000001,27.309800222079822,10.775424155815738
103.7,28.001387366586982,10.648851052306975
103.80000000000001,28.720247193722507,10.532674062639545
103.9,29.466715784233028,10.426927504190937
104.0,30.241095313063038,10.331665771317475
104.10000000000001,31.04364640982736,10.246964785737996
104.2,31.8745797690392,10.17292351293655
104.30000000000001,32.73404694375325,10.109665551426021
104.4,33.62213025424536,10.057340800712753
104.5,34.53883174202559,10.016127212506039
104.60000000000001,35.48406109914369,9.98623262804342
104.7,36.45762250373532,9.967896702253697
104.80000000000001,37.45920029548845,9.961392912736455
104.9,38.488343429689216,9.967030648059195
105.0,39.54444865634616,9.985157365495928
105.10000000000001,40.62674238232056,10.016160802861622
105.2,41.73426119027476,10.06047122231302
105.30000000000001,42.86583100960355,10.11856365563494
105.4,44.02004496250874,10.190960110328538
105.5,45.195239944353524,10.278231683452638
105.60000000000001,46.38947204289164,10.38100051530818
105.7,47.60049095755305,10.499941497356039
105.80000000000001,48.82571364943916,10.635783627885628
105.9,50.06219753683896,10.789310884607966
106.0,51.306613651670155,10.961362455311695
106.10000000000001,52.555220290822575,11.15283213590663
106.2,53.803837834064865,11.364666669708452
106.30000000000001,55.04782555740222,11.597862763118787
106.4,56.28206144689804,11.853462471786491
106.5,57.50092621080285,12.132546609338565
106.60000000000001,58.69829289304886,12.436225790037449
106.7,59.86752370165046,12.765628680396823
106.80000000000001,61.00147587064785,13.121887007151416
106.9,62.09251855901518,13.506116855620313
107.0,63.13256293456705,13.919395800440848
107.10000000000001,64.11310767012729,14.362735448309929
107.2,65.02530206252611,14.837049049400822
107.30000000000001,65.86002883718673,15.34311396093008
107.4,66.60800838403587,15.881528933256028
107.5,67.25992564614954,16.452666444857968
107.60000000000001,67.8065801174203,17.056620643384477
107.7,68.23905837681751,17.69315185605943
107.80000000000001,68.54892729007028,18.36162910643814
107.9,68.72844446725465,19.06097259741652
108.0,68.77078083440253,19.789598661085638
108.10000000000001,68.67024835805833,20.54537018880908
108.2,68.42252419688855,21.32555598046302
108.30000000000001,68.0248610272424,22.12680272042292
108.4,67.47627221088725,22.945123325982845
108.5,66.77768005981248,23.775905153622602
108.60000000000001,65.93201589730276,24.613940940153682
108.7,64.94426204836729,25.453484380877054
108.80000000000001,63.821428352128045,26.288330930110092
108.9,62.57245918649852,27.11192282555061
109.0,61.2080711089647,27.917475611431676
109.10000000000001,59.74052569979679,28.698121730711737
109.2,58.18334661008746,29.447065258850458
109.30000000000001,56.55099369925505,30.157740740831645
109.4,54.85851006496414,30.82396851468268
109.5,53.12115939806214,31.44009894500443
109.60000000000001,51.35407126938136,32.00113865936261
109.7,49.571910691043406,32.50285311002952
109.80000000000001,47.788585785997576,32.94184143617351
109.9,46.0170039793997,33.31558149360146
110.0,44.26888320882293,33.62244484987583
110.10000000000001,42.55462066658143,33.861683324006215
110.2,40.883217919578264,34.03339013119999
110.30000000000001,39.26225819152313,34.13843977644471
110.4,37.69792931580065,34.17841148591374
110.5,36.19508443513815,34.15550118544385
110.60000000000001,34.75733189675419,34.07242688530393
110.7,33.387145855790095,33.93233189127269
110.80000000000001,32.08598969982691,33.73868962587838
110.9,30.854445373398484,33.495213100723895
111.0,29.692342852457838,33.205771309872226
111.10000000000001,28.598885257274972,32.874314077168364
111.2,27.572766292165156,32.50480623029601
111.30000000000001,26.61227778863405,32.10117141671926
111.4,25.715406062017717,31.667245431766606
111.5,24.879916552438043,31.206738595729696
111.60000000000001,24.103426809518574,30.7232064857729
111.7,23.38346831004872,30.22002818578463
111.80000000000001,22.717537889221305,29.70039114709424
111.9,22.10313974296653,29.167281739163034
112.0,21.53781904523895,28.623480597048225
112.10000000000001,21.019188242127495,28.07156192866464
112.2,20.544947053779488,27.513896018895917
112.30000000000001,20.112897151518524,26.952654250950953
112.4,19.720952394070302,26.389816051622443
112.5,19.367145413338616,25.82717725169341
112.60000000000001,19.04963124391134,25.266359432566055
112.7,18.766688596455758,24.708819903356428
112.80000000000001,18.51671928667529,24.155862018217366
112.9,18.29824625050022,23.608645601192734
113.0,18.109910503637416,23.06819729560171
113.10000000000001,17.95046733976806,22.535420697239317
113.2,17.81878200633946,22.01110616617529
113.30000000000001,17.713825049525134,21.49594024134629
113.4,17.634667479829755,20.99051460620169
113.5,17.58047587621425,20.49533457310121
113.60000000000001,17.55050751871596,20.01082706965067
113.7,17.54410561656955,19.537348122318882
113.80000000000001,17.560694680077358,19.075189842057355
113.9,17.599776069279894,18.624586923729876
114.0,17.660923740256422,18.185722676371366
114.10000000000001,17.74378020013198,17.758734604993
114.2,17.848052674139666,17.34371956713655
114.30000000000001,17.97350948200775,16.940738528909012
114.4,18.119976616189977,16.54982094600917
114.5,18.287334510764396,16.170968795464276
114.60000000000001,18.475514986965532,15.804160283568722
114.7,18.684498359099027,15.449353254972243
114.80000000000001,18.914310682861256,15.106488327094937
114.9,19.16502112672058,14.775491773123624
115.0,19.436739445905907,14.456278175826924
115.10000000000001,19.729613537605232,14.14875287336023
115.2,20.04382705513024,13.852814217151774
115.30000000000001,20.379597057994346,13.568355660893621
115.4,20.73717167403193,13.29526769862711
115.5,21.116827748816668,13.033439668925125
115.60000000000001,21.518868456683062,12.782761441244055
115.7,21.943620846590786,12.543124999653088
115.80000000000001,22.39143329487303,12.314425938351178
115.9,22.862672835559287,12.09656488265457
116.0,23.357722337444642,11.889448848479358
116.10000000000001,23.876977495379546,11.692992552752424
116.2,24.420843601367974,11.507119686656548
116.30000000000001,24.9897320589823,11.331764163146405
116.4,25.584056602329287,11.166871349755032
116.5,26.20422917833674,11.012399297336996
116.60000000000001,26.850655448484044,10.868319975054522
116.7,27.52372986328836,10.734620521594195
116.80000000000001,28.223830259907142,10.61130452228906
116.9,28.951311930163612,10.498393321495868
117.0,29.70650110319491,10.395927379217207
117.10000000000001,30.48968778383133,10.30396768053601
117.2,31.30111788482816,10.222597205911994
117.30000000000001,32.14098458830546,10.151922469735286
117.4,33.00941886935378,10.092075133692292
117.5,33.906479112923506,10.043213700412716
117.60000000000001,34.83213975406786,10.005525291461957
117.7,35.7862788716482,9.979227511932367
117.80000000000001,36.768664667096665,9.964570401565297
117.9,37.778940763208574,9.961838469378625
118.0,38.8166102637423,9.971352805033712
118.10000000000001,39.88101852348464,9.993473255478122
118.2,40.97133459116572,10.02860064954423
118.30000000000001,42.086531305089885,10.07717904593716
118.4,43.22536404465072,10.139697971145573
118.5,44.386348171244066,10.216694602962791
118.60000000000001,45.56773523087358,10.308755842194456
118.7,46.767488039507484,10.416520199414713
118.80000000000001,47.983254832679336,10.540679404973204
118.9,49.21234273470803,10.681979628523326
119.0,50.45169089204145,10.841222168859796
119.10000000000001,51.69784372130707,11.019263445634856
119.2,52.9469248471227,11.21701409153645
119.30000000000001,54.19461244852777,11.435436906964817
119.4,55.436116896179854,11.675543399685122
119.5,56.666161744147786,11.9383885903872
119.60000000000001,57.878969337429105,12.22506372320605
119.7,59.06825250410347,12.536686480518854
119.80000000000001,60.22721401116052,12.874388267214288
119.9,61.348555663595896,13.239298105803435
120.0,62.42449910094177,13.632522676239171
